"precursor_smiles","product_smiles_main","product_smiles_all","is_multi_product","reactants_all","fragment_count","products_all","product_main_smiles","rxn_key","rxn_key_hash","rxn_smiles_mapped","map_status","map_fail_reason","mapping_confidence","precursor_type","precursor_subtype","core_atom_map","core_bond_changes","core_extraction_status","core_fail_reason","new_ring_size","reaction_type","reaction_type_confidence","reaction_evidence","topology","topology_evidence","cyclo_mode","cyclo_mode_reason","yield","yield_individual","yield_overall","yield_source","yield_amount","yield_unit","is_censored","is_upper_bound","is_interval","reactivity_label","de","ee","dr_major","dr_minor","stereo_source","temp_celsius","temp_kelvin","temp_min_c","temp_max_c","temp_profile_raw","solvent","base","time_total_h","n_stages_time","has_lewis_acid","has_metal_catalyst","n_solvents","n_reagents","n_catalysts","solvents_str","reagents_str","catalysts_str","leaving_group","mass_balance_status","mass_balance_ok","yield_status","has_stereo","stereo_consistency","quality_flag","notes"
"C=C=CN1CC(C)(C)OC1=O.c1ccoc1","CC1(C)CN(C2C(O)C=CC3CCC2O3)C(=O)O1","CC1(C)CN(C2C(O)C=CC3CCC2O3)C(=O)O1","False","C=C=CN1CC(C)(C)OC1=O,c1ccoc1","2","CC1(C)CN(C2C(O)C=CC3CCC2O3)C(=O)O1","CC1(C)CN(C2C(O)C=CC3CCC2O3)C(=O)O1","C=C=CN1CC(C)(C)OC1=O.c1ccoc1>>CC1(C)CN(C2C(O)C=CC3CCC2O3)C(=O)O1","5a3b1255b7d96e4d2135ac24d5f9e4f195721732c76ad2a3e9ff5ed8c230303e","[CH3:1][C:2]1([CH3:14])[CH2:4][N:5]([CH:6]=[C:9]=[CH2:10])[C:16](=[O:17])[O:18]1.[cH:7]1[o:8][cH:11][cH:12][cH:13]1>>[CH3:1][C:2]1([CH3:3])[CH2:4][N:5]([CH:6]2[CH:7]([OH:8])[CH:9]=[CH:10][CH:11]3[CH2:12][CH2:13][CH:14]2[O:15]3)[C:16](=[O:17])[O:18]1","LOW_CONFIDENCE","","0.43638014919115886","allenamide","general","{""10"": 10, ""11"": 11, ""12"": 12, ""13"": 13, ""5"": 5, ""6"": 6, ""7"": 7, ""8"": 8, ""9"": 9}","6-7:formed;10-11:formed;6-9:broken;7-13:broken;8-11:broken","OK","","7","4+3","HIGH","ring_size:7;allenamide_detected:general;n_frags:2;topology_hint:INTER","INTER","n_reactants:2","[4+3]","reaction_type:4+3","0.48","0.48","","individual","0.48","fraction","False","False","False","REACTIVE","","0.08","","","text","-55","218.14999999999998","-55.0","-55.0","-55 °C","","","","0","False","False","0","0","2","","","ZnOTf2 (1.1 equiv);chiral ligand 9a (1.3 equiv)","","NOT_EVALUABLE","False","OK","False","MISMATCH","WARNING","Stereochemistry claimed but no markers"
"C=C=CN1CC(C)(C)OC1=O.c1ccoc1","CC1(C)CN(C2C(O)C=CC3CCC2O3)C(=O)O1","CC1(C)CN(C2C(O)C=CC3CCC2O3)C(=O)O1","False","C=C=CN1CC(C)(C)OC1=O,c1ccoc1","2","CC1(C)CN(C2C(O)C=CC3CCC2O3)C(=O)O1","CC1(C)CN(C2C(O)C=CC3CCC2O3)C(=O)O1","C=C=CN1CC(C)(C)OC1=O.c1ccoc1>>CC1(C)CN(C2C(O)C=CC3CCC2O3)C(=O)O1","5a3b1255b7d96e4d2135ac24d5f9e4f195721732c76ad2a3e9ff5ed8c230303e","[CH3:1][C:2]1([CH3:14])[CH2:4][N:5]([CH:6]=[C:9]=[CH2:10])[C:16](=[O:17])[O:18]1.[cH:7]1[o:8][cH:11][cH:12][cH:13]1>>[CH3:1][C:2]1([CH3:3])[CH2:4][N:5]([CH:6]2[CH:7]([OH:8])[CH:9]=[CH:10][CH:11]3[CH2:12][CH2:13][CH:14]2[O:15]3)[C:16](=[O:17])[O:18]1","LOW_CONFIDENCE","","0.43638014919115886","allenamide","general","{""10"": 10, ""11"": 11, ""12"": 12, ""13"": 13, ""5"": 5, ""6"": 6, ""7"": 7, ""8"": 8, ""9"": 9}","6-7:formed;10-11:formed;6-9:broken;7-13:broken;8-11:broken","OK","","7","4+3","HIGH","ring_size:7;allenamide_detected:general;n_frags:2;topology_hint:INTER","INTER","n_reactants:2","[4+3]","reaction_type:4+3","0.58","0.58","","individual","0.58","fraction","False","False","False","REACTIVE","","0.02","","","text","-55","218.14999999999998","-55.0","-55.0","-55 °C","","","","0","False","False","0","0","2","","","ZnOTf2 (1.1 equiv);ligand 9b (1.3 equiv)","","NOT_EVALUABLE","False","OK","False","MISMATCH","WARNING","Stereochemistry claimed but no markers"
"C=C=CN1CC(C)(C)OC1=O.c1ccoc1","CC1(C)CN(C2C(O)C=CC3CCC2O3)C(=O)O1","CC1(C)CN(C2C(O)C=CC3CCC2O3)C(=O)O1","False","C=C=CN1CC(C)(C)OC1=O,c1ccoc1","2","CC1(C)CN(C2C(O)C=CC3CCC2O3)C(=O)O1","CC1(C)CN(C2C(O)C=CC3CCC2O3)C(=O)O1","C=C=CN1CC(C)(C)OC1=O.c1ccoc1>>CC1(C)CN(C2C(O)C=CC3CCC2O3)C(=O)O1","5a3b1255b7d96e4d2135ac24d5f9e4f195721732c76ad2a3e9ff5ed8c230303e","[CH3:1][C:2]1([CH3:14])[CH2:4][N:5]([CH:6]=[C:9]=[CH2:10])[C:16](=[O:17])[O:18]1.[cH:7]1[o:8][cH:11][cH:12][cH:13]1>>[CH3:1][C:2]1([CH3:3])[CH2:4][N:5]([CH:6]2[CH:7]([OH:8])[CH:9]=[CH:10][CH:11]3[CH2:12][CH2:13][CH:14]2[O:15]3)[C:16](=[O:17])[O:18]1","LOW_CONFIDENCE","","0.43638014919115886","allenamide","general","{""10"": 10, ""11"": 11, ""12"": 12, ""13"": 13, ""5"": 5, ""6"": 6, ""7"": 7, ""8"": 8, ""9"": 9}","6-7:formed;10-11:formed;6-9:broken;7-13:broken;8-11:broken","OK","","7","4+3","HIGH","ring_size:7;allenamide_detected:general;n_frags:2;topology_hint:INTER","INTER","n_reactants:2","[4+3]","reaction_type:4+3","0.7","0.7","","individual","0.7","fraction","False","False","False","REACTIVE","","0.21","","","text","-55","218.14999999999998","-55.0","-55.0","-55 °C","","","","0","False","False","0","0","2","","","ZnOTf2 (1.1 equiv);ligand 10 (1.3 equiv)","","NOT_EVALUABLE","False","OK","False","MISMATCH","WARNING","Stereochemistry claimed but no markers"
"C=C=CN1CC(C)(C)OC1=O.c1ccoc1","CC1(C)CN(C2C(O)C=CC3CCC2O3)C(=O)O1","CC1(C)CN(C2C(O)C=CC3CCC2O3)C(=O)O1","False","C=C=CN1CC(C)(C)OC1=O,c1ccoc1","2","CC1(C)CN(C2C(O)C=CC3CCC2O3)C(=O)O1","CC1(C)CN(C2C(O)C=CC3CCC2O3)C(=O)O1","C=C=CN1CC(C)(C)OC1=O.c1ccoc1>>CC1(C)CN(C2C(O)C=CC3CCC2O3)C(=O)O1","5a3b1255b7d96e4d2135ac24d5f9e4f195721732c76ad2a3e9ff5ed8c230303e","[CH3:1][C:2]1([CH3:14])[CH2:4][N:5]([CH:6]=[C:9]=[CH2:10])[C:16](=[O:17])[O:18]1.[cH:7]1[o:8][cH:11][cH:12][cH:13]1>>[CH3:1][C:2]1([CH3:3])[CH2:4][N:5]([CH:6]2[CH:7]([OH:8])[CH:9]=[CH:10][CH:11]3[CH2:12][CH2:13][CH:14]2[O:15]3)[C:16](=[O:17])[O:18]1","LOW_CONFIDENCE","","0.43638014919115886","allenamide","general","{""10"": 10, ""11"": 11, ""12"": 12, ""13"": 13, ""5"": 5, ""6"": 6, ""7"": 7, ""8"": 8, ""9"": 9}","6-7:formed;10-11:formed;6-9:broken;7-13:broken;8-11:broken","OK","","7","4+3","HIGH","ring_size:7;allenamide_detected:general;n_frags:2;topology_hint:INTER","INTER","n_reactants:2","[4+3]","reaction_type:4+3","0.0","0.0","","individual","0.0","fraction","False","False","False","NONREACTIVE","","","","","","-55","218.14999999999998","-55.0","-55.0","-55 °C","","","","0","False","False","0","0","2","","","Co(OAc)2·4H2O (1.1 equiv);ligand 11 (salen, 1.0 equiv)","","NOT_EVALUABLE","False","OK","False","NA","GOOD",""
"C=C=CN1CC(C)(C)OC1=O.c1ccoc1","CC1(C)CN(C2C(O)C=CC3CCC2O3)C(=O)O1","CC1(C)CN(C2C(O)C=CC3CCC2O3)C(=O)O1","False","C=C=CN1CC(C)(C)OC1=O,c1ccoc1","2","CC1(C)CN(C2C(O)C=CC3CCC2O3)C(=O)O1","CC1(C)CN(C2C(O)C=CC3CCC2O3)C(=O)O1","C=C=CN1CC(C)(C)OC1=O.c1ccoc1>>CC1(C)CN(C2C(O)C=CC3CCC2O3)C(=O)O1","5a3b1255b7d96e4d2135ac24d5f9e4f195721732c76ad2a3e9ff5ed8c230303e","[CH3:1][C:2]1([CH3:14])[CH2:4][N:5]([CH:6]=[C:9]=[CH2:10])[C:16](=[O:17])[O:18]1.[cH:7]1[o:8][cH:11][cH:12][cH:13]1>>[CH3:1][C:2]1([CH3:3])[CH2:4][N:5]([CH:6]2[CH:7]([OH:8])[CH:9]=[CH:10][CH:11]3[CH2:12][CH2:13][CH:14]2[O:15]3)[C:16](=[O:17])[O:18]1","LOW_CONFIDENCE","","0.43638014919115886","allenamide","general","{""10"": 10, ""11"": 11, ""12"": 12, ""13"": 13, ""5"": 5, ""6"": 6, ""7"": 7, ""8"": 8, ""9"": 9}","6-7:formed;10-11:formed;6-9:broken;7-13:broken;8-11:broken","OK","","7","4+3","HIGH","ring_size:7;allenamide_detected:general;n_frags:2;topology_hint:INTER","INTER","n_reactants:2","[4+3]","reaction_type:4+3","0.46","0.46","","individual","0.46","fraction","False","False","False","REACTIVE","","0.01","","","text","-55","218.14999999999998","-55.0","-55.0","-55 °C","","","","0","False","False","0","0","2","","","Co(OAc)2·4H2O (0.25 equiv);ligand 11 (1.0 equiv)","","NOT_EVALUABLE","False","OK","False","MISMATCH","WARNING","Stereochemistry claimed but no markers"
"C=C=CN1CC(C)(C)OC1=O.c1ccoc1","CC1(C)CN(C2C(O)C=CC3CCC2O3)C(=O)O1","CC1(C)CN(C2C(O)C=CC3CCC2O3)C(=O)O1","False","C=C=CN1CC(C)(C)OC1=O,c1ccoc1","2","CC1(C)CN(C2C(O)C=CC3CCC2O3)C(=O)O1","CC1(C)CN(C2C(O)C=CC3CCC2O3)C(=O)O1","C=C=CN1CC(C)(C)OC1=O.c1ccoc1>>CC1(C)CN(C2C(O)C=CC3CCC2O3)C(=O)O1","5a3b1255b7d96e4d2135ac24d5f9e4f195721732c76ad2a3e9ff5ed8c230303e","[CH3:1][C:2]1([CH3:14])[CH2:4][N:5]([CH:6]=[C:9]=[CH2:10])[C:16](=[O:17])[O:18]1.[cH:7]1[o:8][cH:11][cH:12][cH:13]1>>[CH3:1][C:2]1([CH3:3])[CH2:4][N:5]([CH:6]2[CH:7]([OH:8])[CH:9]=[CH:10][CH:11]3[CH2:12][CH2:13][CH:14]2[O:15]3)[C:16](=[O:17])[O:18]1","LOW_CONFIDENCE","","0.43638014919115886","allenamide","general","{""10"": 10, ""11"": 11, ""12"": 12, ""13"": 13, ""5"": 5, ""6"": 6, ""7"": 7, ""8"": 8, ""9"": 9}","6-7:formed;10-11:formed;6-9:broken;7-13:broken;8-11:broken","OK","","7","4+3","HIGH","ring_size:7;allenamide_detected:general;n_frags:2;topology_hint:INTER","INTER","n_reactants:2","[4+3]","reaction_type:4+3","0.4","0.4","","individual","0.4","fraction","False","False","False","REACTIVE","","0.03","","","text","-78","195.14999999999998","-78.0","-78.0","-78 °C","","","","0","False","False","0","0","2","","","no metal;ligand 12 (BINAP-type, 0.25 equiv)","","NOT_EVALUABLE","False","OK","False","MISMATCH","WARNING","Stereochemistry claimed but no markers"
"C=C=CN1CC(C)(C)OC1=O.c1ccoc1","CC1(C)CN(C2C(O)C=CC3CCC2O3)C(=O)O1","CC1(C)CN(C2C(O)C=CC3CCC2O3)C(=O)O1","False","C=C=CN1CC(C)(C)OC1=O,c1ccoc1","2","CC1(C)CN(C2C(O)C=CC3CCC2O3)C(=O)O1","CC1(C)CN(C2C(O)C=CC3CCC2O3)C(=O)O1","C=C=CN1CC(C)(C)OC1=O.c1ccoc1>>CC1(C)CN(C2C(O)C=CC3CCC2O3)C(=O)O1","5a3b1255b7d96e4d2135ac24d5f9e4f195721732c76ad2a3e9ff5ed8c230303e","[CH3:1][C:2]1([CH3:14])[CH2:4][N:5]([CH:6]=[C:9]=[CH2:10])[C:16](=[O:17])[O:18]1.[cH:7]1[o:8][cH:11][cH:12][cH:13]1>>[CH3:1][C:2]1([CH3:3])[CH2:4][N:5]([CH:6]2[CH:7]([OH:8])[CH:9]=[CH:10][CH:11]3[CH2:12][CH2:13][CH:14]2[O:15]3)[C:16](=[O:17])[O:18]1","LOW_CONFIDENCE","","0.43638014919115886","allenamide","general","{""10"": 10, ""11"": 11, ""12"": 12, ""13"": 13, ""5"": 5, ""6"": 6, ""7"": 7, ""8"": 8, ""9"": 9}","6-7:formed;10-11:formed;6-9:broken;7-13:broken;8-11:broken","OK","","7","4+3","HIGH","ring_size:7;allenamide_detected:general;n_frags:2;topology_hint:INTER","INTER","n_reactants:2","[4+3]","reaction_type:4+3","0.48","0.48","","individual","0.48","fraction","False","False","False","REACTIVE","","0.05","","","text","-55","218.14999999999998","-55.0","-55.0","-55 °C","","","","0","False","False","0","0","2","","","SnOTf2 (1.1 equiv);ligand 13a (bisoxazoline, 1.3 equiv)","","NOT_EVALUABLE","False","OK","False","MISMATCH","WARNING","Stereochemistry claimed but no markers"
"C=C=CN1CC(C)(C)OC1=O.c1ccoc1","CC1(C)CN(C2C(O)C=CC3CCC2O3)C(=O)O1","CC1(C)CN(C2C(O)C=CC3CCC2O3)C(=O)O1","False","C=C=CN1CC(C)(C)OC1=O,c1ccoc1","2","CC1(C)CN(C2C(O)C=CC3CCC2O3)C(=O)O1","CC1(C)CN(C2C(O)C=CC3CCC2O3)C(=O)O1","C=C=CN1CC(C)(C)OC1=O.c1ccoc1>>CC1(C)CN(C2C(O)C=CC3CCC2O3)C(=O)O1","5a3b1255b7d96e4d2135ac24d5f9e4f195721732c76ad2a3e9ff5ed8c230303e","[CH3:1][C:2]1([CH3:14])[CH2:4][N:5]([CH:6]=[C:9]=[CH2:10])[C:16](=[O:17])[O:18]1.[cH:7]1[o:8][cH:11][cH:12][cH:13]1>>[CH3:1][C:2]1([CH3:3])[CH2:4][N:5]([CH:6]2[CH:7]([OH:8])[CH:9]=[CH:10][CH:11]3[CH2:12][CH2:13][CH:14]2[O:15]3)[C:16](=[O:17])[O:18]1","LOW_CONFIDENCE","","0.43638014919115886","allenamide","general","{""10"": 10, ""11"": 11, ""12"": 12, ""13"": 13, ""5"": 5, ""6"": 6, ""7"": 7, ""8"": 8, ""9"": 9}","6-7:formed;10-11:formed;6-9:broken;7-13:broken;8-11:broken","OK","","7","4+3","HIGH","ring_size:7;allenamide_detected:general;n_frags:2;topology_hint:INTER","INTER","n_reactants:2","[4+3]","reaction_type:4+3","0.46","0.46","","individual","0.46","fraction","False","False","False","REACTIVE","","0.03","","","text","-78","195.14999999999998","-78.0","-78.0","-78 °C","","","","0","False","False","0","0","2","","","MgI2 (0.25 equiv);ligand 13a (0.32 equiv)","","NOT_EVALUABLE","False","OK","False","MISMATCH","WARNING","Stereochemistry claimed but no markers"
"C=C=CN1CC(C)(C)OC1=O.c1ccoc1","CC1(C)CN(C2C(O)C=CC3CCC2O3)C(=O)O1","CC1(C)CN(C2C(O)C=CC3CCC2O3)C(=O)O1","False","C=C=CN1CC(C)(C)OC1=O,c1ccoc1","2","CC1(C)CN(C2C(O)C=CC3CCC2O3)C(=O)O1","CC1(C)CN(C2C(O)C=CC3CCC2O3)C(=O)O1","C=C=CN1CC(C)(C)OC1=O.c1ccoc1>>CC1(C)CN(C2C(O)C=CC3CCC2O3)C(=O)O1","5a3b1255b7d96e4d2135ac24d5f9e4f195721732c76ad2a3e9ff5ed8c230303e","[CH3:1][C:2]1([CH3:14])[CH2:4][N:5]([CH:6]=[C:9]=[CH2:10])[C:16](=[O:17])[O:18]1.[cH:7]1[o:8][cH:11][cH:12][cH:13]1>>[CH3:1][C:2]1([CH3:3])[CH2:4][N:5]([CH:6]2[CH:7]([OH:8])[CH:9]=[CH:10][CH:11]3[CH2:12][CH2:13][CH:14]2[O:15]3)[C:16](=[O:17])[O:18]1","LOW_CONFIDENCE","","0.43638014919115886","allenamide","general","{""10"": 10, ""11"": 11, ""12"": 12, ""13"": 13, ""5"": 5, ""6"": 6, ""7"": 7, ""8"": 8, ""9"": 9}","6-7:formed;10-11:formed;6-9:broken;7-13:broken;8-11:broken","OK","","7","4+3","HIGH","ring_size:7;allenamide_detected:general;n_frags:2;topology_hint:INTER","INTER","n_reactants:2","[4+3]","reaction_type:4+3","0.62","0.62","","individual","0.62","fraction","False","False","False","REACTIVE","","0.78","","","text","-55","218.14999999999998","-55.0","-55.0","-55 °C","","","","0","False","True","0","0","2","","","Cu(OTf)2 (0.85 equiv);ligand 13a (bisoxazoline, 1.1 equiv)","","NOT_EVALUABLE","False","OK","False","MISMATCH","WARNING","Stereochemistry claimed but no markers"
"C=C=CN1CC(C)(C)OC1=O.c1ccoc1","CC1(C)CN(C2C(O)C=CC3CCC2O3)C(=O)O1","CC1(C)CN(C2C(O)C=CC3CCC2O3)C(=O)O1","False","C=C=CN1CC(C)(C)OC1=O,c1ccoc1","2","CC1(C)CN(C2C(O)C=CC3CCC2O3)C(=O)O1","CC1(C)CN(C2C(O)C=CC3CCC2O3)C(=O)O1","C=C=CN1CC(C)(C)OC1=O.c1ccoc1>>CC1(C)CN(C2C(O)C=CC3CCC2O3)C(=O)O1","5a3b1255b7d96e4d2135ac24d5f9e4f195721732c76ad2a3e9ff5ed8c230303e","[CH3:1][C:2]1([CH3:14])[CH2:4][N:5]([CH:6]=[C:9]=[CH2:10])[C:16](=[O:17])[O:18]1.[cH:7]1[o:8][cH:11][cH:12][cH:13]1>>[CH3:1][C:2]1([CH3:3])[CH2:4][N:5]([CH:6]2[CH:7]([OH:8])[CH:9]=[CH:10][CH:11]3[CH2:12][CH2:13][CH:14]2[O:15]3)[C:16](=[O:17])[O:18]1","LOW_CONFIDENCE","","0.43638014919115886","allenamide","general","{""10"": 10, ""11"": 11, ""12"": 12, ""13"": 13, ""5"": 5, ""6"": 6, ""7"": 7, ""8"": 8, ""9"": 9}","6-7:formed;10-11:formed;6-9:broken;7-13:broken;8-11:broken","OK","","7","4+3","HIGH","ring_size:7;allenamide_detected:general;n_frags:2;topology_hint:INTER","INTER","n_reactants:2","[4+3]","reaction_type:4+3","0.46","0.46","","individual","0.46","fraction","False","False","False","REACTIVE","","0.74","","","text","-78","195.14999999999998","-78.0","-78.0","-78 °C","","","","0","False","True","0","0","2","","","Cu(OTf)2 (0.25 equiv);ligand 13a (0.32 equiv)","","NOT_EVALUABLE","False","OK","False","MISMATCH","WARNING","Stereochemistry claimed but no markers"
"C=C=CN1CC(C)(C)OC1=O.c1ccoc1","CC1(C)CN(C2C(O)C=CC3CCC2O3)C(=O)O1","CC1(C)CN(C2C(O)C=CC3CCC2O3)C(=O)O1","False","C=C=CN1CC(C)(C)OC1=O,c1ccoc1","2","CC1(C)CN(C2C(O)C=CC3CCC2O3)C(=O)O1","CC1(C)CN(C2C(O)C=CC3CCC2O3)C(=O)O1","C=C=CN1CC(C)(C)OC1=O.c1ccoc1>>CC1(C)CN(C2C(O)C=CC3CCC2O3)C(=O)O1","5a3b1255b7d96e4d2135ac24d5f9e4f195721732c76ad2a3e9ff5ed8c230303e","[CH3:1][C:2]1([CH3:14])[CH2:4][N:5]([CH:6]=[C:9]=[CH2:10])[C:16](=[O:17])[O:18]1.[cH:7]1[o:8][cH:11][cH:12][cH:13]1>>[CH3:1][C:2]1([CH3:3])[CH2:4][N:5]([CH:6]2[CH:7]([OH:8])[CH:9]=[CH:10][CH:11]3[CH2:12][CH2:13][CH:14]2[O:15]3)[C:16](=[O:17])[O:18]1","LOW_CONFIDENCE","","0.43638014919115886","allenamide","general","{""10"": 10, ""11"": 11, ""12"": 12, ""13"": 13, ""5"": 5, ""6"": 6, ""7"": 7, ""8"": 8, ""9"": 9}","6-7:formed;10-11:formed;6-9:broken;7-13:broken;8-11:broken","OK","","7","4+3","HIGH","ring_size:7;allenamide_detected:general;n_frags:2;topology_hint:INTER","INTER","n_reactants:2","[4+3]","reaction_type:4+3","0.53","0.53","","individual","0.53","fraction","False","False","False","REACTIVE","","0.22","","","text","-55","218.14999999999998","-55.0","-55.0","-55 °C","","","","0","False","True","0","0","2","","","Cu(OTf)2 (1.1 equiv);ligand 13b (1.2 equiv)","","NOT_EVALUABLE","False","OK","False","MISMATCH","WARNING","Stereochemistry claimed but no markers"
"C=C=CN1CC(C)(C)OC1=O.c1ccoc1","CC1(C)CN(C2C(O)C=CC3CCC2O3)C(=O)O1","CC1(C)CN(C2C(O)C=CC3CCC2O3)C(=O)O1","False","C=C=CN1CC(C)(C)OC1=O,c1ccoc1","2","CC1(C)CN(C2C(O)C=CC3CCC2O3)C(=O)O1","CC1(C)CN(C2C(O)C=CC3CCC2O3)C(=O)O1","C=C=CN1CC(C)(C)OC1=O.c1ccoc1>>CC1(C)CN(C2C(O)C=CC3CCC2O3)C(=O)O1","5a3b1255b7d96e4d2135ac24d5f9e4f195721732c76ad2a3e9ff5ed8c230303e","[CH3:1][C:2]1([CH3:14])[CH2:4][N:5]([CH:6]=[C:9]=[CH2:10])[C:16](=[O:17])[O:18]1.[cH:7]1[o:8][cH:11][cH:12][cH:13]1>>[CH3:1][C:2]1([CH3:3])[CH2:4][N:5]([CH:6]2[CH:7]([OH:8])[CH:9]=[CH:10][CH:11]3[CH2:12][CH2:13][CH:14]2[O:15]3)[C:16](=[O:17])[O:18]1","LOW_CONFIDENCE","","0.43638014919115886","allenamide","general","{""10"": 10, ""11"": 11, ""12"": 12, ""13"": 13, ""5"": 5, ""6"": 6, ""7"": 7, ""8"": 8, ""9"": 9}","6-7:formed;10-11:formed;6-9:broken;7-13:broken;8-11:broken","OK","","7","4+3","HIGH","ring_size:7;allenamide_detected:general;n_frags:2;topology_hint:INTER","INTER","n_reactants:2","[4+3]","reaction_type:4+3","0.46","0.46","","individual","0.46","fraction","False","False","False","REACTIVE","","0.1","","","text","-78","195.14999999999998","-78.0","-78.0","-78 °C","","","","0","False","True","0","0","2","","","Cu(OTf)2 (0.25 equiv);ligand 13c (0.32 equiv)","","NOT_EVALUABLE","False","OK","False","MISMATCH","WARNING","Stereochemistry claimed but no markers"
"C=C=CN1CC(C)(C)OC1=O.c1ccoc1","CC1(C)CN(C2C(O)C=CC3CCC2O3)C(=O)O1","CC1(C)CN(C2C(O)C=CC3CCC2O3)C(=O)O1","False","C=C=CN1CC(C)(C)OC1=O,c1ccoc1","2","CC1(C)CN(C2C(O)C=CC3CCC2O3)C(=O)O1","CC1(C)CN(C2C(O)C=CC3CCC2O3)C(=O)O1","C=C=CN1CC(C)(C)OC1=O.c1ccoc1>>CC1(C)CN(C2C(O)C=CC3CCC2O3)C(=O)O1","5a3b1255b7d96e4d2135ac24d5f9e4f195721732c76ad2a3e9ff5ed8c230303e","[CH3:1][C:2]1([CH3:14])[CH2:4][N:5]([CH:6]=[C:9]=[CH2:10])[C:16](=[O:17])[O:18]1.[cH:7]1[o:8][cH:11][cH:12][cH:13]1>>[CH3:1][C:2]1([CH3:3])[CH2:4][N:5]([CH:6]2[CH:7]([OH:8])[CH:9]=[CH:10][CH:11]3[CH2:12][CH2:13][CH:14]2[O:15]3)[C:16](=[O:17])[O:18]1","LOW_CONFIDENCE","","0.43638014919115886","allenamide","general","{""10"": 10, ""11"": 11, ""12"": 12, ""13"": 13, ""5"": 5, ""6"": 6, ""7"": 7, ""8"": 8, ""9"": 9}","6-7:formed;10-11:formed;6-9:broken;7-13:broken;8-11:broken","OK","","7","4+3","HIGH","ring_size:7;allenamide_detected:general;n_frags:2;topology_hint:INTER","INTER","n_reactants:2","[4+3]","reaction_type:4+3","0.54","0.54","","individual","0.54","fraction","False","False","False","REACTIVE","","0.61","","","text","-78","195.14999999999998","-78.0","-78.0","-78 °C","","","","0","False","True","0","0","2","","","Cu(OTf)2 (0.25 equiv);ligand 14 (pybox, 0.32 equiv)","","NOT_EVALUABLE","False","OK","False","MISMATCH","WARNING","Stereochemistry claimed but no markers"
"C=C=CN1CC(C)(C)OC1=O.c1ccoc1","CC1(C)CN(C2C(O)C=CC3CCC2O3)C(=O)O1","CC1(C)CN(C2C(O)C=CC3CCC2O3)C(=O)O1","False","C=C=CN1CC(C)(C)OC1=O,c1ccoc1","2","CC1(C)CN(C2C(O)C=CC3CCC2O3)C(=O)O1","CC1(C)CN(C2C(O)C=CC3CCC2O3)C(=O)O1","C=C=CN1CC(C)(C)OC1=O.c1ccoc1>>CC1(C)CN(C2C(O)C=CC3CCC2O3)C(=O)O1","5a3b1255b7d96e4d2135ac24d5f9e4f195721732c76ad2a3e9ff5ed8c230303e","[CH3:1][C:2]1([CH3:14])[CH2:4][N:5]([CH:6]=[C:9]=[CH2:10])[C:16](=[O:17])[O:18]1.[cH:7]1[o:8][cH:11][cH:12][cH:13]1>>[CH3:1][C:2]1([CH3:3])[CH2:4][N:5]([CH:6]2[CH:7]([OH:8])[CH:9]=[CH:10][CH:11]3[CH2:12][CH2:13][CH:14]2[O:15]3)[C:16](=[O:17])[O:18]1","LOW_CONFIDENCE","","0.43638014919115886","allenamide","general","{""10"": 10, ""11"": 11, ""12"": 12, ""13"": 13, ""5"": 5, ""6"": 6, ""7"": 7, ""8"": 8, ""9"": 9}","6-7:formed;10-11:formed;6-9:broken;7-13:broken;8-11:broken","OK","","7","4+3","HIGH","ring_size:7;allenamide_detected:general;n_frags:2;topology_hint:INTER","INTER","n_reactants:2","[4+3]","reaction_type:4+3","0.46","0.46","","individual","0.46","fraction","False","False","False","REACTIVE","","0.82","","","text","-78","195.14999999999998","-78.0","-78.0","-78 °C","","","","0","False","True","0","0","2","","","Cu(OTf)2 (0.25 equiv);chiral bisoxazoline 15a (0.32 equiv)","","NOT_EVALUABLE","False","OK","False","MISMATCH","WARNING","Stereochemistry claimed but no markers"
"C=C=CN1CC(C)(C)OC1=O.c1ccoc1","CC1(C)CN(C2C(O)C=CC3CCC2O3)C(=O)O1","CC1(C)CN(C2C(O)C=CC3CCC2O3)C(=O)O1","False","C=C=CN1CC(C)(C)OC1=O,c1ccoc1","2","CC1(C)CN(C2C(O)C=CC3CCC2O3)C(=O)O1","CC1(C)CN(C2C(O)C=CC3CCC2O3)C(=O)O1","C=C=CN1CC(C)(C)OC1=O.c1ccoc1>>CC1(C)CN(C2C(O)C=CC3CCC2O3)C(=O)O1","5a3b1255b7d96e4d2135ac24d5f9e4f195721732c76ad2a3e9ff5ed8c230303e","[CH3:1][C:2]1([CH3:14])[CH2:4][N:5]([CH:6]=[C:9]=[CH2:10])[C:16](=[O:17])[O:18]1.[cH:7]1[o:8][cH:11][cH:12][cH:13]1>>[CH3:1][C:2]1([CH3:3])[CH2:4][N:5]([CH:6]2[CH:7]([OH:8])[CH:9]=[CH:10][CH:11]3[CH2:12][CH2:13][CH:14]2[O:15]3)[C:16](=[O:17])[O:18]1","LOW_CONFIDENCE","","0.43638014919115886","allenamide","general","{""10"": 10, ""11"": 11, ""12"": 12, ""13"": 13, ""5"": 5, ""6"": 6, ""7"": 7, ""8"": 8, ""9"": 9}","6-7:formed;10-11:formed;6-9:broken;7-13:broken;8-11:broken","OK","","7","4+3","HIGH","ring_size:7;allenamide_detected:general;n_frags:2;topology_hint:INTER","INTER","n_reactants:2","[4+3]","reaction_type:4+3","0.46","0.46","","individual","0.46","fraction","False","False","False","REACTIVE","","0.9","","","text","-78","195.14999999999998","-78.0","-78.0","-78 °C","","","","0","False","True","0","0","2","","","Cu(OTf)2 (0.25 equiv);chiral bisoxazoline 15b (0.32 equiv)","","NOT_EVALUABLE","False","OK","False","MISMATCH","WARNING","Stereochemistry claimed but no markers"
"C=C=CN1CC(C)(C)OC1=O.c1ccoc1","CC1(C)CN(C2C(O)C=CC3CCC2O3)C(=O)O1","CC1(C)CN(C2C(O)C=CC3CCC2O3)C(=O)O1","False","C=C=CN1CC(C)(C)OC1=O,c1ccoc1","2","CC1(C)CN(C2C(O)C=CC3CCC2O3)C(=O)O1","CC1(C)CN(C2C(O)C=CC3CCC2O3)C(=O)O1","C=C=CN1CC(C)(C)OC1=O.c1ccoc1>>CC1(C)CN(C2C(O)C=CC3CCC2O3)C(=O)O1","5a3b1255b7d96e4d2135ac24d5f9e4f195721732c76ad2a3e9ff5ed8c230303e","[CH3:1][C:2]1([CH3:14])[CH2:4][N:5]([CH:6]=[C:9]=[CH2:10])[C:16](=[O:17])[O:18]1.[cH:7]1[o:8][cH:11][cH:12][cH:13]1>>[CH3:1][C:2]1([CH3:3])[CH2:4][N:5]([CH:6]2[CH:7]([OH:8])[CH:9]=[CH:10][CH:11]3[CH2:12][CH2:13][CH:14]2[O:15]3)[C:16](=[O:17])[O:18]1","LOW_CONFIDENCE","","0.43638014919115886","allenamide","general","{""10"": 10, ""11"": 11, ""12"": 12, ""13"": 13, ""5"": 5, ""6"": 6, ""7"": 7, ""8"": 8, ""9"": 9}","6-7:formed;10-11:formed;6-9:broken;7-13:broken;8-11:broken","OK","","7","4+3","HIGH","ring_size:7;allenamide_detected:general;n_frags:2;topology_hint:INTER","INTER","n_reactants:2","[4+3]","reaction_type:4+3","0.76","0.76","","individual","0.76","fraction","False","False","False","REACTIVE","","0.59","","","text","-78","195.14999999999998","-78.0","-78.0","-78 °C","","","","0","False","True","0","0","2","","","Cu(OTf)2 (0.10 equiv);bisoxazoline 15b (0.12 equiv)","","NOT_EVALUABLE","False","OK","False","MISMATCH","WARNING","Stereochemistry claimed but no markers"
"C=C=CN1CC(C)(C)OC1=O.c1ccoc1","CC1(C)CN(C2C(O)C=CC3CCC2O3)C(=O)O1","CC1(C)CN(C2C(O)C=CC3CCC2O3)C(=O)O1","False","C=C=CN1CC(C)(C)OC1=O,c1ccoc1","2","CC1(C)CN(C2C(O)C=CC3CCC2O3)C(=O)O1","CC1(C)CN(C2C(O)C=CC3CCC2O3)C(=O)O1","C=C=CN1CC(C)(C)OC1=O.c1ccoc1>>CC1(C)CN(C2C(O)C=CC3CCC2O3)C(=O)O1","5a3b1255b7d96e4d2135ac24d5f9e4f195721732c76ad2a3e9ff5ed8c230303e","[CH3:1][C:2]1([CH3:14])[CH2:4][N:5]([CH:6]=[C:9]=[CH2:10])[C:16](=[O:17])[O:18]1.[cH:7]1[o:8][cH:11][cH:12][cH:13]1>>[CH3:1][C:2]1([CH3:3])[CH2:4][N:5]([CH:6]2[CH:7]([OH:8])[CH:9]=[CH:10][CH:11]3[CH2:12][CH2:13][CH:14]2[O:15]3)[C:16](=[O:17])[O:18]1","LOW_CONFIDENCE","","0.43638014919115886","allenamide","general","{""10"": 10, ""11"": 11, ""12"": 12, ""13"": 13, ""5"": 5, ""6"": 6, ""7"": 7, ""8"": 8, ""9"": 9}","6-7:formed;10-11:formed;6-9:broken;7-13:broken;8-11:broken","OK","","7","4+3","HIGH","ring_size:7;allenamide_detected:general;n_frags:2;topology_hint:INTER","INTER","n_reactants:2","[4+3]","reaction_type:4+3","0.84","0.84","","individual","0.84","fraction","False","False","False","REACTIVE","","0.02","","","text","-78","195.14999999999998","-78.0","-78.0","-78 °C","","","","0","False","True","0","0","2","","","Cu(OTf)2 (0.25 equiv);ligand 16 (0.32 equiv)","","NOT_EVALUABLE","False","OK","False","MISMATCH","WARNING","Stereochemistry claimed but no markers"
"C=C=CN1CC(C)(C)OC1=O.c1ccoc1","CC1(C)CN(C2C(O)C=CC3CCC2O3)C(=O)O1","CC1(C)CN(C2C(O)C=CC3CCC2O3)C(=O)O1","False","C=C=CN1CC(C)(C)OC1=O,c1ccoc1","2","CC1(C)CN(C2C(O)C=CC3CCC2O3)C(=O)O1","CC1(C)CN(C2C(O)C=CC3CCC2O3)C(=O)O1","C=C=CN1CC(C)(C)OC1=O.c1ccoc1>>CC1(C)CN(C2C(O)C=CC3CCC2O3)C(=O)O1","5a3b1255b7d96e4d2135ac24d5f9e4f195721732c76ad2a3e9ff5ed8c230303e","[CH3:1][C:2]1([CH3:14])[CH2:4][N:5]([CH:6]=[C:9]=[CH2:10])[C:16](=[O:17])[O:18]1.[cH:7]1[o:8][cH:11][cH:12][cH:13]1>>[CH3:1][C:2]1([CH3:3])[CH2:4][N:5]([CH:6]2[CH:7]([OH:8])[CH:9]=[CH:10][CH:11]3[CH2:12][CH2:13][CH:14]2[O:15]3)[C:16](=[O:17])[O:18]1","LOW_CONFIDENCE","","0.43638014919115886","allenamide","general","{""10"": 10, ""11"": 11, ""12"": 12, ""13"": 13, ""5"": 5, ""6"": 6, ""7"": 7, ""8"": 8, ""9"": 9}","6-7:formed;10-11:formed;6-9:broken;7-13:broken;8-11:broken","OK","","7","4+3","HIGH","ring_size:7;allenamide_detected:general;n_frags:2;topology_hint:INTER","INTER","n_reactants:2","[4+3]","reaction_type:4+3","0.9","0.9","","individual","0.9","fraction","False","False","False","REACTIVE","","0.92","","","text","-78","195.14999999999998","-78.0","-78.0","-78 °C","","","9.0","1","False","True","0","0","2","","","Cu(OTf)2 (25 mol%);bisoxazoline 15b (32 mol%)","","NOT_EVALUABLE","False","OK","False","MISMATCH","WARNING","Stereochemistry claimed but no markers"
"C=C=CN1CC(C)(C)OC1=O.c1ccoc1","CC1(C)CN(C2C(O)C=CC3CCC2O3)C(=O)O1","CC1(C)CN(C2C(O)C=CC3CCC2O3)C(=O)O1","False","C=C=CN1CC(C)(C)OC1=O,c1ccoc1","2","CC1(C)CN(C2C(O)C=CC3CCC2O3)C(=O)O1","CC1(C)CN(C2C(O)C=CC3CCC2O3)C(=O)O1","C=C=CN1CC(C)(C)OC1=O.c1ccoc1>>CC1(C)CN(C2C(O)C=CC3CCC2O3)C(=O)O1","5a3b1255b7d96e4d2135ac24d5f9e4f195721732c76ad2a3e9ff5ed8c230303e","[CH3:1][C:2]1([CH3:14])[CH2:4][N:5]([CH:6]=[C:9]=[CH2:10])[C:16](=[O:17])[O:18]1.[cH:7]1[o:8][cH:11][cH:12][cH:13]1>>[CH3:1][C:2]1([CH3:3])[CH2:4][N:5]([CH:6]2[CH:7]([OH:8])[CH:9]=[CH:10][CH:11]3[CH2:12][CH2:13][CH:14]2[O:15]3)[C:16](=[O:17])[O:18]1","LOW_CONFIDENCE","","0.43638014919115886","allenamide","general","{""10"": 10, ""11"": 11, ""12"": 12, ""13"": 13, ""5"": 5, ""6"": 6, ""7"": 7, ""8"": 8, ""9"": 9}","6-7:formed;10-11:formed;6-9:broken;7-13:broken;8-11:broken","OK","","7","4+3","HIGH","ring_size:7;allenamide_detected:general;n_frags:2;topology_hint:INTER","INTER","n_reactants:2","[4+3]","reaction_type:4+3","0.91","0.91","","individual","0.91","fraction","False","False","False","REACTIVE","","0.99","","","text","-78","195.14999999999998","-78.0","-78.0","-78 °C","","","9.0","1","False","True","0","0","2","","","Cu(OTf)2 (25 mol%);bisoxazoline 15b (32 mol%)","","NOT_EVALUABLE","False","OK","False","MISMATCH","WARNING","Stereochemistry claimed but no markers"
"C=C=CN1CC(C)(C)OC1=O.c1ccoc1","CC1(C)CN(C2C(O)C=CC3CCC2O3)C(=O)O1","CC1(C)CN(C2C(O)C=CC3CCC2O3)C(=O)O1","False","C=C=CN1CC(C)(C)OC1=O,c1ccoc1","2","CC1(C)CN(C2C(O)C=CC3CCC2O3)C(=O)O1","CC1(C)CN(C2C(O)C=CC3CCC2O3)C(=O)O1","C=C=CN1CC(C)(C)OC1=O.c1ccoc1>>CC1(C)CN(C2C(O)C=CC3CCC2O3)C(=O)O1","5a3b1255b7d96e4d2135ac24d5f9e4f195721732c76ad2a3e9ff5ed8c230303e","[CH3:1][C:2]1([CH3:14])[CH2:4][N:5]([CH:6]=[C:9]=[CH2:10])[C:16](=[O:17])[O:18]1.[cH:7]1[o:8][cH:11][cH:12][cH:13]1>>[CH3:1][C:2]1([CH3:3])[CH2:4][N:5]([CH:6]2[CH:7]([OH:8])[CH:9]=[CH:10][CH:11]3[CH2:12][CH2:13][CH:14]2[O:15]3)[C:16](=[O:17])[O:18]1","LOW_CONFIDENCE","","0.43638014919115886","allenamide","general","{""10"": 10, ""11"": 11, ""12"": 12, ""13"": 13, ""5"": 5, ""6"": 6, ""7"": 7, ""8"": 8, ""9"": 9}","6-7:formed;10-11:formed;6-9:broken;7-13:broken;8-11:broken","OK","","7","4+3","HIGH","ring_size:7;allenamide_detected:general;n_frags:2;topology_hint:INTER","INTER","n_reactants:2","[4+3]","reaction_type:4+3","0.87","0.87","","individual","0.87","fraction","False","False","False","REACTIVE","","0.62","","","text","-78","195.14999999999998","-78.0","-78.0","-78 °C","","","9.0","1","False","True","0","0","2","","","Cu(OTf)2 (25 mol%);ent-15b (32 mol%)","","NOT_EVALUABLE","False","OK","False","MISMATCH","WARNING","Stereochemistry claimed but no markers"
"C1=CCC=C1.C=C=CN1CC(C)(C)OC1=O","CC1(C)CN(C2C(O)C=CC3CCC2C3)C(=O)O1","CC1(C)CN(C2C(O)C=CC3CCC2C3)C(=O)O1","False","C=C=CN1CC(C)(C)OC1=O,C1=CCC=C1","2","CC1(C)CN(C2C(O)C=CC3CCC2C3)C(=O)O1","CC1(C)CN(C2C(O)C=CC3CCC2C3)C(=O)O1","C1=CCC=C1.C=C=CN1CC(C)(C)OC1=O>>CC1(C)CN(C2C(O)C=CC3CCC2C3)C(=O)O1","4ab4a0f9eaca587843d5627c92f022fbd9b36a6e160a460f1680662e3265ec1a","[CH:11]1=[CH:15][CH:13]=[CH:14][CH2:12]1.[CH3:1][C:2]1([CH3:3])[CH2:4][N:5]([CH:6]=[C:7]=[CH2:9])[C:16](=[O:8])[O:18]1>>[CH3:1][C:2]1([CH3:3])[CH2:4][N:5]([CH:6]2[CH:7]([OH:8])[CH:9]=[CH:10][CH:11]3[CH2:12][CH2:13][CH:14]2[CH2:15]3)[C:16](=[O:17])[O:18]1","LOW_CONFIDENCE","","0.2915923804477702","allenamide","general","","","AMBIGUOUS","AMBIGUOUS_AFTER_EVAL","7","4+3","HIGH","ring_size:7;allenamide_detected:general;n_frags:2;topology_hint:INTER","INTER","n_reactants:2","[4+3]","reaction_type:4+3","0.9","0.9","","individual","0.9","fraction","False","False","False","REACTIVE","","0.62","","","text","-78","195.14999999999998","-78.0","-78.0","-78 °C","","","9.0","1","False","True","0","0","2","","","Cu(OTf)2 (25 mol%);bisoxazoline 15b (32 mol%)","","NOT_EVALUABLE","False","OK","False","MISMATCH","WARNING","Stereochemistry claimed but no markers"
"C=C=CN1CCCC1=O.c1ccoc1","O=C1CCCN1C1C(O)C=CC2CCC1O2","O=C1CCCN1C1C(O)C=CC2CCC1O2","False","C=C=CN1CCCC1=O,c1ccoc1","2","O=C1CCCN1C1C(O)C=CC2CCC1O2","O=C1CCCN1C1C(O)C=CC2CCC1O2","C=C=CN1CCCC1=O.c1ccoc1>>O=C1CCCN1C1C(O)C=CC2CCC1O2","a38ce33b58c93080da8015e176631bb0848365fc7fce194b62f652f21ae72cc3","[O:1]=[C:2]1[CH2:3][CH2:4][CH2:5][N:6]1[CH:7]=[C:15]=[CH2:10].[cH:8]1[o:9][cH:12][cH:11][cH:13]1>>[O:1]=[C:2]1[CH2:3][CH2:4][CH2:5][N:6]1[CH:7]1[CH:8]([OH:9])[CH:10]=[CH:11][CH:12]2[CH2:13][CH2:14][CH:15]1[O:16]2","LOW_CONFIDENCE","","0.26986707984825525","allenamide","general","{""10"": 10, ""11"": 11, ""12"": 12, ""13"": 13, ""15"": 15, ""6"": 6, ""7"": 7, ""8"": 8, ""9"": 9}","7-8:formed;10-11:formed;8-13:broken;9-12:broken;10-15:broken;11-13:broken","OK","","7","4+3","HIGH","ring_size:7;allenamide_detected:general;n_frags:2;topology_hint:INTER","INTER","n_reactants:2","[4+3]","reaction_type:4+3","0.6","0.6","","individual","0.6","fraction","False","False","False","REACTIVE","","0.58","","","text","-78","195.14999999999998","-78.0","-78.0","-78 °C","","","9.0","1","False","True","0","0","2","","","Cu(OTf)2 (25 mol%);bisoxazoline 15b (32 mol%)","","NOT_EVALUABLE","False","OK","False","MISMATCH","WARNING","Stereochemistry claimed but no markers"
"C=C=CN1CCCCC1=O.c1ccoc1","O=C1CCCCN1C1C(O)C=CC2CCC1O2","O=C1CCCCN1C1C(O)C=CC2CCC1O2","False","C=C=CN1CCCCC1=O,c1ccoc1","2","O=C1CCCCN1C1C(O)C=CC2CCC1O2","O=C1CCCCN1C1C(O)C=CC2CCC1O2","C=C=CN1CCCCC1=O.c1ccoc1>>O=C1CCCCN1C1C(O)C=CC2CCC1O2","dcff712e5ab576a92e88d35c964ba1f4523104b4c65ad3bb06558ba09a694ede","[O:1]=[C:2]1[CH2:3][CH2:4][CH2:5][CH2:6][N:7]1[CH:8]=[C:16]=[CH2:15].[cH:9]1[o:10][cH:14][cH:13][cH:12]1>>[O:1]=[C:2]1[CH2:3][CH2:4][CH2:5][CH2:6][N:7]1[CH:8]1[CH:9]([OH:10])[CH:11]=[CH:12][CH:13]2[CH2:14][CH2:15][CH:16]1[O:17]2","LOW_CONFIDENCE","","0.4804974533193529","allenamide","general","{""10"": 10, ""12"": 12, ""13"": 13, ""14"": 14, ""15"": 15, ""16"": 16, ""7"": 7, ""8"": 8, ""9"": 9}","8-9:formed;14-15:formed;9-12:broken;10-14:broken","OK","","7","4+3","HIGH","ring_size:7;allenamide_detected:general;n_frags:2;topology_hint:INTER","INTER","n_reactants:2","[4+3]","reaction_type:4+3","0.47","0.47","","individual","0.47","fraction","False","False","False","REACTIVE","","0.14","","","text","-78","195.14999999999998","-78.0","-78.0","-78 °C","","","9.0","1","False","True","0","0","2","","","Cu(OTf)2 (25 mol%);bisoxazoline 15b (32 mol%)","","NOT_EVALUABLE","False","OK","False","MISMATCH","WARNING","Stereochemistry claimed but no markers"
"C=C=CN1CC(C)(C)OC1=O.Cc1ccco1","CC1(C)CN(C2C(O)C=CC3(C)CCC2O3)C(=O)O1","CC1(C)CN(C2C(O)C=CC3(C)CCC2O3)C(=O)O1","False","C=C=CN1CC(C)(C)OC1=O,Cc1ccco1","2","CC1(C)CN(C2C(O)C=CC3(C)CCC2O3)C(=O)O1","CC1(C)CN(C2C(O)C=CC3(C)CCC2O3)C(=O)O1","C=C=CN1CC(C)(C)OC1=O.Cc1ccco1>>CC1(C)CN(C2C(O)C=CC3(C)CCC2O3)C(=O)O1","c709fce79fbf96569c9749d3fe1ed058c6cf0f67e612027c5436cb8f67860623","[CH3:1][C:2]1([CH3:3])[CH2:4][N:5]([CH:6]=[C:9]=[CH2:10])[C:17](=[O:18])[O:19]1.[c:7]1([CH3:12])[o:8][cH:15][cH:14][cH:11]1>>[CH3:1][C:2]1([CH3:3])[CH2:4][N:5]([CH:6]2[CH:7]([OH:8])[CH:9]=[CH:10][C:11]3([CH3:12])[CH2:13][CH2:14][CH:15]2[O:16]3)[C:17](=[O:18])[O:19]1","LOW_CONFIDENCE","","0.5464737874672058","allenamide","general","{""10"": 10, ""11"": 11, ""12"": 12, ""14"": 14, ""15"": 15, ""5"": 5, ""6"": 6, ""7"": 7, ""8"": 8, ""9"": 9}","6-7:formed;10-11:formed;6-9:broken;7-11:broken;7-12:broken;8-15:broken;11-14:broken","OK","","7","4+3","HIGH","ring_size:7;allenamide_detected:general;n_frags:2;topology_hint:INTER","INTER","n_reactants:2","[4+3]","reaction_type:4+3","0.37","0.37","","individual","0.37","fraction","False","False","False","REACTIVE","","","","","","-78","195.14999999999998","-78.0","-78.0","-78 °C","","","9.0","1","False","False","0","0","1","","","none (no Lewis acid)","","NOT_EVALUABLE","False","OK","False","NA","GOOD",""
"C=C=CN1CC(C)(C)OC1=O.Cc1ccco1","CC1(C)CN(C2C(O)C=CC3(C)CCC2O3)C(=O)O1","CC1(C)CN(C2C(O)C=CC3(C)CCC2O3)C(=O)O1","False","C=C=CN1CC(C)(C)OC1=O,Cc1ccco1","2","CC1(C)CN(C2C(O)C=CC3(C)CCC2O3)C(=O)O1","CC1(C)CN(C2C(O)C=CC3(C)CCC2O3)C(=O)O1","C=C=CN1CC(C)(C)OC1=O.Cc1ccco1>>CC1(C)CN(C2C(O)C=CC3(C)CCC2O3)C(=O)O1","c709fce79fbf96569c9749d3fe1ed058c6cf0f67e612027c5436cb8f67860623","[CH3:1][C:2]1([CH3:3])[CH2:4][N:5]([CH:6]=[C:9]=[CH2:10])[C:17](=[O:18])[O:19]1.[c:7]1([CH3:12])[o:8][cH:15][cH:14][cH:11]1>>[CH3:1][C:2]1([CH3:3])[CH2:4][N:5]([CH:6]2[CH:7]([OH:8])[CH:9]=[CH:10][C:11]3([CH3:12])[CH2:13][CH2:14][CH:15]2[O:16]3)[C:17](=[O:18])[O:19]1","LOW_CONFIDENCE","","0.5464737874672058","allenamide","general","{""10"": 10, ""11"": 11, ""12"": 12, ""14"": 14, ""15"": 15, ""5"": 5, ""6"": 6, ""7"": 7, ""8"": 8, ""9"": 9}","6-7:formed;10-11:formed;6-9:broken;7-11:broken;7-12:broken;8-15:broken;11-14:broken","OK","","7","4+3","HIGH","ring_size:7;allenamide_detected:general;n_frags:2;topology_hint:INTER","INTER","n_reactants:2","[4+3]","reaction_type:4+3","0.38","0.38","","individual","0.38","fraction","False","False","False","REACTIVE","","0.71","","","text","-78","195.14999999999998","-78.0","-78.0","-78 °C","","","9.0","1","False","True","0","0","2","","","Cu(OTf)2 (25 mol%);bisoxazoline 15b (32 mol%)","","NOT_EVALUABLE","False","OK","False","MISMATCH","WARNING","Stereochemistry claimed but no markers"
"C=C=CN1CC(C)(C)OC1=O.COC(=O)c1ccco1","COC(=O)C12C=CC(O)C(N3CC(C)(C)OC3=O)C(CC1)O2","COC(=O)C12C=CC(O)C(N3CC(C)(C)OC3=O)C(CC1)O2","False","C=C=CN1CC(C)(C)OC1=O,COC(=O)c1ccco1","2","COC(=O)C12C=CC(O)C(N3CC(C)(C)OC3=O)C(CC1)O2","COC(=O)C12C=CC(O)C(N3CC(C)(C)OC3=O)C(CC1)O2","C=C=CN1CC(C)(C)OC1=O.COC(=O)c1ccco1>>COC(=O)C12C=CC(O)C(N3CC(C)(C)OC3=O)C(CC1)O2","bd17a84bc48e15fc590e84fcc5c5efbd142d7195326b09c56a67200a025f0a97","[C:8](=[CH:10][N:11]1[CH2:12][C:13]([CH3:14])([CH3:20])[O:16][C:17]1=[O:18])=[CH2:21].[CH3:1][O:2][C:3](=[O:4])[c:5]1[cH:6][cH:7][cH:19][o:22]1>>[CH3:1][O:2][C:3](=[O:4])[C:5]12[CH:6]=[CH:7][CH:8]([OH:9])[CH:10]([N:11]3[CH2:12][C:13]([CH3:14])([CH3:15])[O:16][C:17]3=[O:18])[CH:19]([CH2:20][CH2:21]1)[O:22]2","LOW_CONFIDENCE","","0.5161780793559857","allenamide","general","{""10"": 10, ""11"": 11, ""19"": 19, ""21"": 21, ""22"": 22, ""3"": 3, ""5"": 5, ""6"": 6, ""7"": 7, ""8"": 8}","5-21:formed;7-8:formed;7-19:broken;8-21:broken","OK","","7","4+3","HIGH","ring_size:7;allenamide_detected:general;n_frags:2;topology_hint:INTER","INTER","n_reactants:2","[4+3]","reaction_type:4+3","0.33","0.33","","individual","0.33","fraction","False","False","False","REACTIVE","","","","","","-78","195.14999999999998","-78.0","-78.0","-78 °C","","","9.0","1","False","False","0","0","1","","","none (no Lewis acid)","","NOT_EVALUABLE","False","OK","False","NA","GOOD",""
"C=C=CN1CC(C)(C)OC1=O.COC(=O)c1ccco1","COC(=O)C12C=CC(O)C(N3CC(C)(C)OC3=O)C(CC1)O2","COC(=O)C12C=CC(O)C(N3CC(C)(C)OC3=O)C(CC1)O2","False","C=C=CN1CC(C)(C)OC1=O,COC(=O)c1ccco1","2","COC(=O)C12C=CC(O)C(N3CC(C)(C)OC3=O)C(CC1)O2","COC(=O)C12C=CC(O)C(N3CC(C)(C)OC3=O)C(CC1)O2","C=C=CN1CC(C)(C)OC1=O.COC(=O)c1ccco1>>COC(=O)C12C=CC(O)C(N3CC(C)(C)OC3=O)C(CC1)O2","bd17a84bc48e15fc590e84fcc5c5efbd142d7195326b09c56a67200a025f0a97","[C:8](=[CH:10][N:11]1[CH2:12][C:13]([CH3:14])([CH3:20])[O:16][C:17]1=[O:18])=[CH2:21].[CH3:1][O:2][C:3](=[O:4])[c:5]1[cH:6][cH:7][cH:19][o:22]1>>[CH3:1][O:2][C:3](=[O:4])[C:5]12[CH:6]=[CH:7][CH:8]([OH:9])[CH:10]([N:11]3[CH2:12][C:13]([CH3:14])([CH3:15])[O:16][C:17]3=[O:18])[CH:19]([CH2:20][CH2:21]1)[O:22]2","LOW_CONFIDENCE","","0.5161780793559857","allenamide","general","{""10"": 10, ""11"": 11, ""19"": 19, ""21"": 21, ""22"": 22, ""3"": 3, ""5"": 5, ""6"": 6, ""7"": 7, ""8"": 8}","5-21:formed;7-8:formed;7-19:broken;8-21:broken","OK","","7","4+3","HIGH","ring_size:7;allenamide_detected:general;n_frags:2;topology_hint:INTER","INTER","n_reactants:2","[4+3]","reaction_type:4+3","0.61","0.61","","individual","0.61","fraction","False","False","False","REACTIVE","","0.67","","","text","-78","195.14999999999998","-78.0","-78.0","-78 °C","","","9.0","1","False","True","0","0","2","","","Cu(OTf)2 (25 mol%);bisoxazoline 15b (32 mol%)","","NOT_EVALUABLE","False","OK","False","MISMATCH","WARNING","Stereochemistry claimed but no markers"
"C=C=CN1CC(C)(C)OC1=O.Cc1ccc(C)o1","CC1(C)CN(C2C3CCC(C)(C=CC2(C)O)O3)C(=O)O1","CC1(C)CN(C2C3CCC(C)(C=CC2(C)O)O3)C(=O)O1","False","C=C=CN1CC(C)(C)OC1=O,Cc1ccc(C)o1","2","CC1(C)CN(C2C3CCC(C)(C=CC2(C)O)O3)C(=O)O1","CC1(C)CN(C2C3CCC(C)(C=CC2(C)O)O3)C(=O)O1","C=C=CN1CC(C)(C)OC1=O.Cc1ccc(C)o1>>CC1(C)CN(C2C3CCC(C)(C=CC2(C)O)O3)C(=O)O1","cfbc934cd5713953573e2faf0a468f12a27e285c6e3c19f03dc4cad5bbc1ecc2","[CH3:1][C:2]1([CH3:9])[CH2:4][N:5]([CH:6]=[C:7]=[CH2:8])[C:18](=[O:19])[O:20]1.[c:10]1([CH3:11])[cH:12][cH:13][c:14]([CH3:15])[o:16]1>>[CH3:1][C:2]1([CH3:3])[CH2:4][N:5]([CH:6]2[CH:7]3[CH2:8][CH2:9][C:10]([CH3:11])([CH:12]=[CH:13][C:14]2([CH3:15])[OH:16])[O:17]3)[C:18](=[O:19])[O:20]1","LOW_CONFIDENCE","","0.6132247755146121","allenamide","general","","","AMBIGUOUS","AMBIGUOUS_AFTER_EVAL","7","4+3","HIGH","ring_size:7;allenamide_detected:general;n_frags:2;topology_hint:INTER","INTER","n_reactants:2","[4+3]","reaction_type:4+3","0.81","0.81","","individual","0.81","fraction","False","False","False","REACTIVE","","0.36","","","text","-78","195.14999999999998","-78.0","-78.0","-78 °C","","","9.0","1","False","True","0","0","2","","","Cu(OTf)2 (25 mol%);bisoxazoline 15b (32 mol%)","","NOT_EVALUABLE","False","OK","False","MISMATCH","WARNING","Stereochemistry claimed but no markers"
"C=C=CN1CC(C)(C)OC1=O.Cc1ccoc1","CC1=CC(O)C(N2CC(C)(C)OC2=O)C2CCC1O2","CC1=CC(O)C(N2CC(C)(C)OC2=O)C2CCC1O2","False","C=C=CN1CC(C)(C)OC1=O,Cc1ccoc1","2","CC1=CC(O)C(N2CC(C)(C)OC2=O)C2CCC1O2","CC1=CC(O)C(N2CC(C)(C)OC2=O)C2CCC1O2","C=C=CN1CC(C)(C)OC1=O.Cc1ccoc1>>CC1=CC(O)C(N2CC(C)(C)OC2=O)C2CCC1O2","d75a0f90154f2823f2b5c216a9f9a227a2c9b62819d66fa507c88ecf2d3c82b1","[CH:6]([N:7]1[CH2:8][C:9]([CH3:10])([CH3:17])[O:12][C:13]1=[O:14])=[C:15]=[CH2:16].[CH3:1][c:2]1[cH:3][cH:4][o:5][cH:18]1>>[CH3:1][C:2]1=[CH:3][CH:4]([OH:5])[CH:6]([N:7]2[CH2:8][C:9]([CH3:10])([CH3:11])[O:12][C:13]2=[O:14])[CH:15]2[CH2:16][CH2:17][CH:18]1[O:19]2","LOW_CONFIDENCE","","0.51180919448968","allenamide","general","{""15"": 15, ""16"": 16, ""18"": 18, ""2"": 2, ""3"": 3, ""4"": 4, ""5"": 5, ""6"": 6, ""7"": 7}","4-6:formed;5-18:broken","OK","","7","4+3","HIGH","ring_size:7;allenamide_detected:general;n_frags:2;topology_hint:INTER","INTER","n_reactants:2","[4+3]","reaction_type:4+3","0.91","0.91","","individual","0.91","fraction","False","False","False","REACTIVE","","0.99","","","text","-78","195.14999999999998","-78.0","-78.0","-78 °C","","","9.0","1","False","True","0","0","2","","","Cu(OTf)2 (25 mol%);bisoxazoline 15b (32 mol%)","","NOT_EVALUABLE","False","OK","False","MISMATCH","WARNING","Stereochemistry claimed but no markers"
"Brc1ccoc1.C=C=CN1CC(C)(C)OC1=O","CC1(C)CN(C2C(O)C=C(Br)C3CCC2O3)C(=O)O1","CC1(C)CN(C2C(O)C=C(Br)C3CCC2O3)C(=O)O1","False","C=C=CN1CC(C)(C)OC1=O,Brc1ccoc1","2","CC1(C)CN(C2C(O)C=C(Br)C3CCC2O3)C(=O)O1","CC1(C)CN(C2C(O)C=C(Br)C3CCC2O3)C(=O)O1","Brc1ccoc1.C=C=CN1CC(C)(C)OC1=O>>CC1(C)CN(C2C(O)C=C(Br)C3CCC2O3)C(=O)O1","437476e9adaf66526636d60cb8accc2f6222e96d443a3df66a0e3ca68050f2b2","[cH:7]1[o:8][cH:12][c:10]([Br:11])[cH:9]1.[CH3:1][C:2]1([CH3:3])[CH2:4][N:5]([CH:6]=[C:15]=[CH2:14])[C:17](=[O:18])[O:19]1>>[CH3:1][C:2]1([CH3:3])[CH2:4][N:5]([CH:6]2[CH:7]([OH:8])[CH:9]=[C:10]([Br:11])[CH:12]3[CH2:13][CH2:14][CH:15]2[O:16]3)[C:17](=[O:18])[O:19]1","LOW_CONFIDENCE","","0.6050069678702599","allenamide","general","{""10"": 10, ""12"": 12, ""14"": 14, ""15"": 15, ""5"": 5, ""6"": 6, ""7"": 7, ""8"": 8, ""9"": 9}","6-7:formed;8-12:broken","OK","","7","4+3","HIGH","ring_size:7;allenamide_detected:general;n_frags:2;topology_hint:INTER","INTER","n_reactants:2","[4+3]","reaction_type:4+3","0.58","0.58","","individual","0.58","fraction","False","False","False","REACTIVE","","0.84","","","text","-78","195.14999999999998","-78.0","-78.0","-78 °C","","","9.0","1","False","True","0","0","2","","","Cu(OTf)2 (25 mol%);bisoxazoline 15b (32 mol%)","","NOT_EVALUABLE","False","OK","False","MISMATCH","WARNING","Stereochemistry claimed but no markers"
"C=C=CN1CC(C)(C)OC1=O.CC(C)(C)[Si](OCc1ccoc1)(c1ccccc1)c1ccccc1","CC1(C)CN(C2C(O)C=C(CO[Si](c3ccccc3)(c3ccccc3)C(C)(C)C)C3CCC2O3)C(=O)O1","CC1(C)CN(C2C(O)C=C(CO[Si](c3ccccc3)(c3ccccc3)C(C)(C)C)C3CCC2O3)C(=O)O1","False","C=C=CN1CC(C)(C)OC1=O,CC(C)(C)[Si](OCc1ccoc1)(c1ccccc1)c1ccccc1","2","CC1(C)CN(C2C(O)C=C(CO[Si](c3ccccc3)(c3ccccc3)C(C)(C)C)C3CCC2O3)C(=O)O1","CC1(C)CN(C2C(O)C=C(CO[Si](c3ccccc3)(c3ccccc3)C(C)(C)C)C3CCC2O3)C(=O)O1","C=C=CN1CC(C)(C)OC1=O.CC(C)(C)[Si](OCc1ccoc1)(c1ccccc1)c1ccccc1>>CC1(C)CN(C2C(O)C=C(CO[Si](c3ccccc3)(c3ccccc3)C(C)(C)C)C3CCC2O3)C(=O)O1","3f2eb7cae63b3b1330616d00f37a0ce1b3bb4f63c95316427e7375228a5d68e1","[CH3:1][C:2]1([CH3:3])[CH2:4][N:5]([CH:6]=[C:7]=[CH2:9])[C:35](=[O:36])[O:37]1.[o:8]1[cH:30][c:10]([CH2:11][O:12][Si:13]([c:14]2[cH:15][cH:16][cH:17][cH:18][cH:19]2)([c:20]2[cH:21][cH:22][cH:23][cH:24][cH:25]2)[C:26]([CH3:27])([CH3:28])[CH3:29])[cH:31][cH:33]1>>[CH3:1][C:2]1([CH3:3])[CH2:4][N:5]([CH:6]2[CH:7]([OH:8])[CH:9]=[C:10]([CH2:11][O:12][Si:13]([c:14]3[cH:15][cH:16][cH:17][cH:18][cH:19]3)([c:20]3[cH:21][cH:22][cH:23][cH:24][cH:25]3)[C:26]([CH3:27])([CH3:28])[CH3:29])[CH:30]3[CH2:31][CH2:32][CH:33]2[O:34]3)[C:35](=[O:36])[O:37]1","LOW_CONFIDENCE","","0.15356141673619356","allenamide","general","{""10"": 10, ""30"": 30, ""31"": 31, ""33"": 33, ""5"": 5, ""6"": 6, ""7"": 7, ""8"": 8, ""9"": 9}","6-33:formed;9-10:formed;8-30:broken;8-33:broken;10-31:broken;31-33:broken","OK","","7","4+3","HIGH","ring_size:7;allenamide_detected:general;n_frags:2;topology_hint:INTER","INTER","n_reactants:2","[4+3]","reaction_type:4+3","0.66","0.66","","individual","0.66","fraction","False","False","False","REACTIVE","","0.92","","","text","-78","195.14999999999998","-78.0","-78.0","-78 °C","","","9.0","1","False","True","0","0","2","","","Cu(OTf)2 (25 mol%);bisoxazoline 15b (32 mol%)","","NOT_EVALUABLE","False","OK","False","MISMATCH","WARNING","Stereochemistry claimed but no markers"
"CC1(C)CN(C2C(O)C=CC3CCC2O3)C(=O)O1","NC1C(O)C=CC2CCC1O2","NC1C(O)C=CC2CCC1O2","False","CC1(C)CN(C2C(O)C=CC3CCC2O3)C(=O)O1","1","NC1C(O)C=CC2CCC1O2","NC1C(O)C=CC2CCC1O2","CC1(C)CN(C2C(O)C=CC3CCC2O3)C(=O)O1>>NC1C(O)C=CC2CCC1O2","3485c0c63903dfa0f0b66b19b093cb6739f481c3d00abf66977e5a6df45dc1ab","CC1(C)C[N:1]([CH:2]2[CH:3]([OH:4])[CH:5]=[CH:6][CH:7]3[CH2:8][CH2:9][CH:10]2[O:11]3)C(=O)O1>>[NH2:1][CH:2]1[CH:3]([OH:4])[CH:5]=[CH:6][CH:7]2[CH2:8][CH2:9][CH:10]1[O:11]2","OK","","0.98419503492015","unknown","unknown","","","AMBIGUOUS","AMBIGUOUS_AFTER_EVAL","","unknown","LOW","ring_size:None;not_6_or_7;n_frags:1;topology_hint:INTRA","INTRA_TYPE_I","tether:saturated_chain","UNKNOWN","reaction_type:unknown","","","","none","","","False","False","False","UNCERTAIN","","","","","","","","","","not specified","","","","0","False","False","0","0","0","","","","UNKNOWN","WARNING","False","SOURCE_MISSING","False","NA","WARNING","Unknown leaving group: C5H6O2; Missing yield data; Missing temperature"
"C1=CCC=C1.C=C=CN1CCOC1=O","O=C1OCCN1C1C(O)C=CC2CCC1C2","O=C1OCCN1C1C(O)C=CC2CCC1C2","False","C=C=CN1CCOC1=O,C1=CCC=C1","2","O=C1OCCN1C1C(O)C=CC2CCC1C2","O=C1OCCN1C1C(O)C=CC2CCC1C2","C1=CCC=C1.C=C=CN1CCOC1=O>>O=C1OCCN1C1C(O)C=CC2CCC1C2","ff92acde84c6a422d684bc5d3e92c6388abf0464b6f14dfa207775ad335937fb","[CH2:11]1[CH:12]=[CH:16][CH:14]=[CH:15]1.[O:1]=[C:2]1[O:3][CH2:4][CH2:5][N:6]1[CH:7]=[C:8]=[CH2:10]>>[O:1]=[C:2]1[O:3][CH2:4][CH2:5][N:6]1[CH:7]1[CH:8]([OH:9])[CH:10]=[CH:11][CH:12]2[CH2:13][CH2:14][CH:15]1[CH2:16]2","LOW_CONFIDENCE","","0.3897849284197393","allenamide","general","","","AMBIGUOUS","AMBIGUOUS_AFTER_EVAL","7","4+3","HIGH","ring_size:7;allenamide_detected:general;n_frags:2;topology_hint:INTER","INTER","n_reactants:2","[4+3]","reaction_type:4+3","0.6","0.6","","individual","0.6","fraction","False","False","False","REACTIVE","","","","","","","","","","low temperature (not specified precisely)","","","","0","False","False","0","0","0","","","","","NOT_EVALUABLE","False","OK","False","NA","GOOD","Missing temperature"
"C=C=CN1CCOC1=O.c1ccoc1","O=C1OCCN1C1C(O)C=CC2CCC1O2","O=C1OCCN1C1C(O)C=CC2CCC1O2","False","C=C=CN1CCOC1=O,c1ccoc1","2","O=C1OCCN1C1C(O)C=CC2CCC1O2","O=C1OCCN1C1C(O)C=CC2CCC1O2","C=C=CN1CCOC1=O.c1ccoc1>>O=C1OCCN1C1C(O)C=CC2CCC1O2","40ff9b4178a5f23e8696f6890635c8bb9ce7ea57d235443a6e795d2a148f0ed9","[O:1]=[C:2]1[O:3][CH2:4][CH2:5][N:6]1[CH:7]=[C:10]=[CH2:11].[cH:8]1[o:9][cH:12][cH:13][cH:14]1>>[O:1]=[C:2]1[O:3][CH2:4][CH2:5][N:6]1[CH:7]1[CH:8]([OH:9])[CH:10]=[CH:11][CH:12]2[CH2:13][CH2:14][CH:15]1[O:16]2","LOW_CONFIDENCE","","0.3370332372577358","allenamide","general","{""10"": 10, ""11"": 11, ""12"": 12, ""13"": 13, ""14"": 14, ""6"": 6, ""7"": 7, ""8"": 8, ""9"": 9}","7-8:formed;11-12:formed;7-10:broken;8-14:broken;9-12:broken","OK","","7","4+3","HIGH","ring_size:7;allenamide_detected:general;n_frags:2;topology_hint:INTER","INTER","n_reactants:2","[4+3]","reaction_type:4+3","0.63","0.63","","individual","0.63","fraction","False","False","False","REACTIVE","","","","","","-78","195.14999999999998","-78.0","-78.0","low temperature","","","","0","False","False","0","0","0","","","","","NOT_EVALUABLE","False","OK","False","NA","GOOD",""
"C=C=CN1CCOC1=O.CC1(C)OO1","","","False","C=C=CN1CCOC1=O,CC1(C)OO1","2","","","","","","FAIL_NO_KEY","SmilesSurgeon parse_error: EMPTY_PRODUCT","","allenamide","general","","","SKIPPED_MAP_STATUS","OTHER","","unknown","LOW","core_status:SKIPPED_MAP_STATUS","INTER","n_reactants:2","UNKNOWN","reaction_type:unknown","0.0","0.0","","individual","0.0","fraction","False","False","False","NONREACTIVE","","","","","","","","","","not specified","","","","0","False","False","0","0","0","","","","","PENDING","False","OK","False","NA","ERROR","SMILES error: EMPTY_PRODUCT; Mass balance failed; Missing temperature"
"C=C=CN1C[C@H](c2ccccc2)OC1=O.c1ccoc1","O=C1O[C@@H](c2ccccc2)CN1C1C(O)C=CC2CCC1O2","O=C1O[C@@H](c2ccccc2)CN1C1C(O)C=CC2CCC1O2","False","C=C=CN1C[C@H](c2ccccc2)OC1=O,c1ccoc1","2","O=C1O[C@@H](c2ccccc2)CN1C1C(O)C=CC2CCC1O2","O=C1O[C@@H](c2ccccc2)CN1C1C(O)C=CC2CCC1O2","C=C=CN1C[C@H](c2ccccc2)OC1=O.c1ccoc1>>O=C1O[C@@H](c2ccccc2)CN1C1C(O)C=CC2CCC1O2","4a5b60b2490fee989604eb3391fd56b58d7902502b4c1f5681b0729a0b5f38cb","[O:1]=[C:2]1[O:3][C@@H:4]([c:5]2[cH:6][cH:7][cH:8][cH:9][cH:10]2)[CH2:11][N:12]1[CH:13]=[C:21]=[CH2:17].[cH:14]1[o:15][cH:20][cH:18][cH:16]1>>[O:1]=[C:2]1[O:3][C@@H:4]([c:5]2[cH:6][cH:7][cH:8][cH:9][cH:10]2)[CH2:11][N:12]1[CH:13]1[CH:14]([OH:15])[CH:16]=[CH:17][CH:18]2[CH2:19][CH2:20][CH:21]1[O:22]2","LOW_CONFIDENCE","","0.6510389717228284","allenamide","general","{""12"": 12, ""13"": 13, ""14"": 14, ""15"": 15, ""16"": 16, ""17"": 17, ""18"": 18, ""20"": 20, ""21"": 21}","13-14:formed;16-17:formed;15-20:broken;16-18:broken;17-21:broken;18-20:broken","OK","","7","4+3","HIGH","ring_size:7;allenamide_detected:general;n_frags:2;topology_hint:INTER","INTER","n_reactants:2","[4+3]","reaction_type:4+3","0.75","0.75","","individual","0.75","fraction","False","False","False","REACTIVE","0.5","","75","25","text","-40","233.14999999999998","-40.0","-40.0","-40 °C","","","7.5","1","False","False","0","0","0","","","","","NOT_EVALUABLE","False","OK","True","OK","GOOD",""
"C=C=CN1C[C@H](c2ccccc2)OC1=O.c1ccoc1","O=C1O[C@@H](c2ccccc2)CN1C1C(O)C=CC2CCC1O2","O=C1O[C@@H](c2ccccc2)CN1C1C(O)C=CC2CCC1O2","False","C=C=CN1C[C@H](c2ccccc2)OC1=O,c1ccoc1","2","O=C1O[C@@H](c2ccccc2)CN1C1C(O)C=CC2CCC1O2","O=C1O[C@@H](c2ccccc2)CN1C1C(O)C=CC2CCC1O2","C=C=CN1C[C@H](c2ccccc2)OC1=O.c1ccoc1>>O=C1O[C@@H](c2ccccc2)CN1C1C(O)C=CC2CCC1O2","4a5b60b2490fee989604eb3391fd56b58d7902502b4c1f5681b0729a0b5f38cb","[O:1]=[C:2]1[O:3][C@@H:4]([c:5]2[cH:6][cH:7][cH:8][cH:9][cH:10]2)[CH2:11][N:12]1[CH:13]=[C:21]=[CH2:17].[cH:14]1[o:15][cH:20][cH:18][cH:16]1>>[O:1]=[C:2]1[O:3][C@@H:4]([c:5]2[cH:6][cH:7][cH:8][cH:9][cH:10]2)[CH2:11][N:12]1[CH:13]1[CH:14]([OH:15])[CH:16]=[CH:17][CH:18]2[CH2:19][CH2:20][CH:21]1[O:22]2","LOW_CONFIDENCE","","0.6510389717228284","allenamide","general","{""12"": 12, ""13"": 13, ""14"": 14, ""15"": 15, ""16"": 16, ""17"": 17, ""18"": 18, ""20"": 20, ""21"": 21}","13-14:formed;16-17:formed;15-20:broken;16-18:broken;17-21:broken;18-20:broken","OK","","7","4+3","HIGH","ring_size:7;allenamide_detected:general;n_frags:2;topology_hint:INTER","INTER","n_reactants:2","[4+3]","reaction_type:4+3","0.77","0.77","","individual","0.77","fraction","False","False","False","REACTIVE","0.5","","75","25","text","-40","233.14999999999998","-40.0","-40.0","-40 °C","","","7.5","1","False","False","0","0","0","","","","","NOT_EVALUABLE","False","OK","True","OK","GOOD",""
"C=C=CN1C[C@H](c2ccccc2)OC1=O.c1ccoc1","O=C1O[C@@H](c2ccccc2)CN1C1C(O)C=CC2CCC1O2","O=C1O[C@@H](c2ccccc2)CN1C1C(O)C=CC2CCC1O2","False","C=C=CN1C[C@H](c2ccccc2)OC1=O,c1ccoc1","2","O=C1O[C@@H](c2ccccc2)CN1C1C(O)C=CC2CCC1O2","O=C1O[C@@H](c2ccccc2)CN1C1C(O)C=CC2CCC1O2","C=C=CN1C[C@H](c2ccccc2)OC1=O.c1ccoc1>>O=C1O[C@@H](c2ccccc2)CN1C1C(O)C=CC2CCC1O2","4a5b60b2490fee989604eb3391fd56b58d7902502b4c1f5681b0729a0b5f38cb","[O:1]=[C:2]1[O:3][C@@H:4]([c:5]2[cH:6][cH:7][cH:8][cH:9][cH:10]2)[CH2:11][N:12]1[CH:13]=[C:21]=[CH2:17].[cH:14]1[o:15][cH:20][cH:18][cH:16]1>>[O:1]=[C:2]1[O:3][C@@H:4]([c:5]2[cH:6][cH:7][cH:8][cH:9][cH:10]2)[CH2:11][N:12]1[CH:13]1[CH:14]([OH:15])[CH:16]=[CH:17][CH:18]2[CH2:19][CH2:20][CH:21]1[O:22]2","LOW_CONFIDENCE","","0.6510389717228284","allenamide","general","{""12"": 12, ""13"": 13, ""14"": 14, ""15"": 15, ""16"": 16, ""17"": 17, ""18"": 18, ""20"": 20, ""21"": 21}","13-14:formed;16-17:formed;15-20:broken;16-18:broken;17-21:broken;18-20:broken","OK","","7","4+3","HIGH","ring_size:7;allenamide_detected:general;n_frags:2;topology_hint:INTER","INTER","n_reactants:2","[4+3]","reaction_type:4+3","0.1","0.1","","individual","0.1","fraction","False","False","False","REACTIVE","","","","","","-40","233.14999999999998","-40.0","-40.0","-40 °C","","","7.5","1","False","False","0","0","0","","","","","NOT_EVALUABLE","False","OK","True","NA","GOOD",""
"C=C=CN1C[C@H](c2ccccc2)OC1=O.c1ccoc1","O=C1O[C@@H](c2ccccc2)CN1C1C(O)C=CC2CCC1O2","O=C1O[C@@H](c2ccccc2)CN1C1C(O)C=CC2CCC1O2","False","C=C=CN1C[C@H](c2ccccc2)OC1=O,c1ccoc1","2","O=C1O[C@@H](c2ccccc2)CN1C1C(O)C=CC2CCC1O2","O=C1O[C@@H](c2ccccc2)CN1C1C(O)C=CC2CCC1O2","C=C=CN1C[C@H](c2ccccc2)OC1=O.c1ccoc1>>O=C1O[C@@H](c2ccccc2)CN1C1C(O)C=CC2CCC1O2","4a5b60b2490fee989604eb3391fd56b58d7902502b4c1f5681b0729a0b5f38cb","[O:1]=[C:2]1[O:3][C@@H:4]([c:5]2[cH:6][cH:7][cH:8][cH:9][cH:10]2)[CH2:11][N:12]1[CH:13]=[C:21]=[CH2:17].[cH:14]1[o:15][cH:20][cH:18][cH:16]1>>[O:1]=[C:2]1[O:3][C@@H:4]([c:5]2[cH:6][cH:7][cH:8][cH:9][cH:10]2)[CH2:11][N:12]1[CH:13]1[CH:14]([OH:15])[CH:16]=[CH:17][CH:18]2[CH2:19][CH2:20][CH:21]1[O:22]2","LOW_CONFIDENCE","","0.6510389717228284","allenamide","general","{""12"": 12, ""13"": 13, ""14"": 14, ""15"": 15, ""16"": 16, ""17"": 17, ""18"": 18, ""20"": 20, ""21"": 21}","13-14:formed;16-17:formed;15-20:broken;16-18:broken;17-21:broken;18-20:broken","OK","","7","4+3","HIGH","ring_size:7;allenamide_detected:general;n_frags:2;topology_hint:INTER","INTER","n_reactants:2","[4+3]","reaction_type:4+3","0.8","0.8","","individual","0.8","fraction","False","False","False","REACTIVE","0.5","","75","25","text","-40","233.14999999999998","-40.0","-40.0","-40 °C","","","7.5","1","False","False","0","0","0","","","","","NOT_EVALUABLE","False","OK","True","OK","GOOD",""
"C=C=CN1C[C@H](c2ccccc2)OC1=O.c1ccoc1","O=C1O[C@@H](c2ccccc2)CN1C1C(O)C=CC2CCC1O2","O=C1O[C@@H](c2ccccc2)CN1C1C(O)C=CC2CCC1O2","False","C=C=CN1C[C@H](c2ccccc2)OC1=O,c1ccoc1","2","O=C1O[C@@H](c2ccccc2)CN1C1C(O)C=CC2CCC1O2","O=C1O[C@@H](c2ccccc2)CN1C1C(O)C=CC2CCC1O2","C=C=CN1C[C@H](c2ccccc2)OC1=O.c1ccoc1>>O=C1O[C@@H](c2ccccc2)CN1C1C(O)C=CC2CCC1O2","4a5b60b2490fee989604eb3391fd56b58d7902502b4c1f5681b0729a0b5f38cb","[O:1]=[C:2]1[O:3][C@@H:4]([c:5]2[cH:6][cH:7][cH:8][cH:9][cH:10]2)[CH2:11][N:12]1[CH:13]=[C:21]=[CH2:17].[cH:14]1[o:15][cH:20][cH:18][cH:16]1>>[O:1]=[C:2]1[O:3][C@@H:4]([c:5]2[cH:6][cH:7][cH:8][cH:9][cH:10]2)[CH2:11][N:12]1[CH:13]1[CH:14]([OH:15])[CH:16]=[CH:17][CH:18]2[CH2:19][CH2:20][CH:21]1[O:22]2","LOW_CONFIDENCE","","0.6510389717228284","allenamide","general","{""12"": 12, ""13"": 13, ""14"": 14, ""15"": 15, ""16"": 16, ""17"": 17, ""18"": 18, ""20"": 20, ""21"": 21}","13-14:formed;16-17:formed;15-20:broken;16-18:broken;17-21:broken;18-20:broken","OK","","7","4+3","HIGH","ring_size:7;allenamide_detected:general;n_frags:2;topology_hint:INTER","INTER","n_reactants:2","[4+3]","reaction_type:4+3","0.8","0.8","","individual","0.8","fraction","False","False","False","REACTIVE","0.5","","75","25","text","25","298.15","25.0","25.0","25 °C (room temperature)","","","0.5","1","False","False","0","0","0","","","","","NOT_EVALUABLE","False","OK","True","OK","GOOD",""
"C=C=CN1C[C@H](c2ccccc2)OC1=O.c1ccoc1","O=C1O[C@@H](c2ccccc2)CN1C1C(O)C=CC2CCC1O2","O=C1O[C@@H](c2ccccc2)CN1C1C(O)C=CC2CCC1O2","False","C=C=CN1C[C@H](c2ccccc2)OC1=O,c1ccoc1","2","O=C1O[C@@H](c2ccccc2)CN1C1C(O)C=CC2CCC1O2","O=C1O[C@@H](c2ccccc2)CN1C1C(O)C=CC2CCC1O2","C=C=CN1C[C@H](c2ccccc2)OC1=O.c1ccoc1>>O=C1O[C@@H](c2ccccc2)CN1C1C(O)C=CC2CCC1O2","4a5b60b2490fee989604eb3391fd56b58d7902502b4c1f5681b0729a0b5f38cb","[O:1]=[C:2]1[O:3][C@@H:4]([c:5]2[cH:6][cH:7][cH:8][cH:9][cH:10]2)[CH2:11][N:12]1[CH:13]=[C:21]=[CH2:17].[cH:14]1[o:15][cH:20][cH:18][cH:16]1>>[O:1]=[C:2]1[O:3][C@@H:4]([c:5]2[cH:6][cH:7][cH:8][cH:9][cH:10]2)[CH2:11][N:12]1[CH:13]1[CH:14]([OH:15])[CH:16]=[CH:17][CH:18]2[CH2:19][CH2:20][CH:21]1[O:22]2","LOW_CONFIDENCE","","0.6510389717228284","allenamide","general","{""12"": 12, ""13"": 13, ""14"": 14, ""15"": 15, ""16"": 16, ""17"": 17, ""18"": 18, ""20"": 20, ""21"": 21}","13-14:formed;16-17:formed;15-20:broken;16-18:broken;17-21:broken;18-20:broken","OK","","7","4+3","HIGH","ring_size:7;allenamide_detected:general;n_frags:2;topology_hint:INTER","INTER","n_reactants:2","[4+3]","reaction_type:4+3","0.7","0.7","","individual","0.7","fraction","False","False","False","REACTIVE","0.64","","82","18","text","-78","195.14999999999998","-78.0","-78.0","-78 °C","","","15.0","1","False","False","0","0","0","","","","","NOT_EVALUABLE","False","OK","True","OK","GOOD",""
"C=C=CN1C[C@H](c2ccccc2)OC1=O.c1ccoc1","O=C1O[C@@H](c2ccccc2)CN1C1C(O)C=CC2CCC1O2","O=C1O[C@@H](c2ccccc2)CN1C1C(O)C=CC2CCC1O2","False","C=C=CN1C[C@H](c2ccccc2)OC1=O,c1ccoc1","2","O=C1O[C@@H](c2ccccc2)CN1C1C(O)C=CC2CCC1O2","O=C1O[C@@H](c2ccccc2)CN1C1C(O)C=CC2CCC1O2","C=C=CN1C[C@H](c2ccccc2)OC1=O.c1ccoc1>>O=C1O[C@@H](c2ccccc2)CN1C1C(O)C=CC2CCC1O2","4a5b60b2490fee989604eb3391fd56b58d7902502b4c1f5681b0729a0b5f38cb","[O:1]=[C:2]1[O:3][C@@H:4]([c:5]2[cH:6][cH:7][cH:8][cH:9][cH:10]2)[CH2:11][N:12]1[CH:13]=[C:21]=[CH2:17].[cH:14]1[o:15][cH:20][cH:18][cH:16]1>>[O:1]=[C:2]1[O:3][C@@H:4]([c:5]2[cH:6][cH:7][cH:8][cH:9][cH:10]2)[CH2:11][N:12]1[CH:13]1[CH:14]([OH:15])[CH:16]=[CH:17][CH:18]2[CH2:19][CH2:20][CH:21]1[O:22]2","LOW_CONFIDENCE","","0.6510389717228284","allenamide","general","{""12"": 12, ""13"": 13, ""14"": 14, ""15"": 15, ""16"": 16, ""17"": 17, ""18"": 18, ""20"": 20, ""21"": 21}","13-14:formed;16-17:formed;15-20:broken;16-18:broken;17-21:broken;18-20:broken","OK","","7","4+3","HIGH","ring_size:7;allenamide_detected:general;n_frags:2;topology_hint:INTER","INTER","n_reactants:2","[4+3]","reaction_type:4+3","0.81","0.81","","individual","0.81","fraction","False","False","False","REACTIVE","0.5","","75","25","text","-40","233.14999999999998","-40.0","-40.0","-40 °C","","","7.5","1","False","False","0","0","0","","","","","NOT_EVALUABLE","False","OK","True","OK","GOOD",""
"C=C=CN1C[C@H](c2ccccc2)OC1=O.c1ccoc1","O=C1O[C@@H](c2ccccc2)CN1C1C(O)C=CC2CCC1O2","O=C1O[C@@H](c2ccccc2)CN1C1C(O)C=CC2CCC1O2","False","C=C=CN1C[C@H](c2ccccc2)OC1=O,c1ccoc1","2","O=C1O[C@@H](c2ccccc2)CN1C1C(O)C=CC2CCC1O2","O=C1O[C@@H](c2ccccc2)CN1C1C(O)C=CC2CCC1O2","C=C=CN1C[C@H](c2ccccc2)OC1=O.c1ccoc1>>O=C1O[C@@H](c2ccccc2)CN1C1C(O)C=CC2CCC1O2","4a5b60b2490fee989604eb3391fd56b58d7902502b4c1f5681b0729a0b5f38cb","[O:1]=[C:2]1[O:3][C@@H:4]([c:5]2[cH:6][cH:7][cH:8][cH:9][cH:10]2)[CH2:11][N:12]1[CH:13]=[C:21]=[CH2:17].[cH:14]1[o:15][cH:20][cH:18][cH:16]1>>[O:1]=[C:2]1[O:3][C@@H:4]([c:5]2[cH:6][cH:7][cH:8][cH:9][cH:10]2)[CH2:11][N:12]1[CH:13]1[CH:14]([OH:15])[CH:16]=[CH:17][CH:18]2[CH2:19][CH2:20][CH:21]1[O:22]2","LOW_CONFIDENCE","","0.6510389717228284","allenamide","general","{""12"": 12, ""13"": 13, ""14"": 14, ""15"": 15, ""16"": 16, ""17"": 17, ""18"": 18, ""20"": 20, ""21"": 21}","13-14:formed;16-17:formed;15-20:broken;16-18:broken;17-21:broken;18-20:broken","OK","","7","4+3","HIGH","ring_size:7;allenamide_detected:general;n_frags:2;topology_hint:INTER","INTER","n_reactants:2","[4+3]","reaction_type:4+3","0.1","0.1","","individual","0.1","fraction","False","False","False","REACTIVE","","","","","","-40","233.14999999999998","-40.0","-40.0","-40 °C","","","7.5","1","False","False","0","0","0","","","","","NOT_EVALUABLE","False","OK","True","NA","GOOD",""
"C=C=CN1C[C@H](c2ccccc2)OC1=O.c1ccoc1","O=C1O[C@@H](c2ccccc2)CN1C1C(O)C=CC2CCC1O2","O=C1O[C@@H](c2ccccc2)CN1C1C(O)C=CC2CCC1O2","False","C=C=CN1C[C@H](c2ccccc2)OC1=O,c1ccoc1","2","O=C1O[C@@H](c2ccccc2)CN1C1C(O)C=CC2CCC1O2","O=C1O[C@@H](c2ccccc2)CN1C1C(O)C=CC2CCC1O2","C=C=CN1C[C@H](c2ccccc2)OC1=O.c1ccoc1>>O=C1O[C@@H](c2ccccc2)CN1C1C(O)C=CC2CCC1O2","4a5b60b2490fee989604eb3391fd56b58d7902502b4c1f5681b0729a0b5f38cb","[O:1]=[C:2]1[O:3][C@@H:4]([c:5]2[cH:6][cH:7][cH:8][cH:9][cH:10]2)[CH2:11][N:12]1[CH:13]=[C:21]=[CH2:17].[cH:14]1[o:15][cH:20][cH:18][cH:16]1>>[O:1]=[C:2]1[O:3][C@@H:4]([c:5]2[cH:6][cH:7][cH:8][cH:9][cH:10]2)[CH2:11][N:12]1[CH:13]1[CH:14]([OH:15])[CH:16]=[CH:17][CH:18]2[CH2:19][CH2:20][CH:21]1[O:22]2","LOW_CONFIDENCE","","0.6510389717228284","allenamide","general","{""12"": 12, ""13"": 13, ""14"": 14, ""15"": 15, ""16"": 16, ""17"": 17, ""18"": 18, ""20"": 20, ""21"": 21}","13-14:formed;16-17:formed;15-20:broken;16-18:broken;17-21:broken;18-20:broken","OK","","7","4+3","HIGH","ring_size:7;allenamide_detected:general;n_frags:2;topology_hint:INTER","INTER","n_reactants:2","[4+3]","reaction_type:4+3","0.4","0.4","","individual","0.4","fraction","False","False","False","REACTIVE","0.8","","90","10","text","25","298.15","25.0","25.0","25 °C (room temperature)","","","0.5","1","False","False","0","0","0","","","","","NOT_EVALUABLE","False","OK","True","OK","GOOD",""
"C=C=CN1C[C@H](c2ccccc2)OC1=O.c1ccoc1","O=C1O[C@@H](c2ccccc2)CN1C1C(O)C=CC2CCC1O2","O=C1O[C@@H](c2ccccc2)CN1C1C(O)C=CC2CCC1O2","False","C=C=CN1C[C@H](c2ccccc2)OC1=O,c1ccoc1","2","O=C1O[C@@H](c2ccccc2)CN1C1C(O)C=CC2CCC1O2","O=C1O[C@@H](c2ccccc2)CN1C1C(O)C=CC2CCC1O2","C=C=CN1C[C@H](c2ccccc2)OC1=O.c1ccoc1>>O=C1O[C@@H](c2ccccc2)CN1C1C(O)C=CC2CCC1O2","4a5b60b2490fee989604eb3391fd56b58d7902502b4c1f5681b0729a0b5f38cb","[O:1]=[C:2]1[O:3][C@@H:4]([c:5]2[cH:6][cH:7][cH:8][cH:9][cH:10]2)[CH2:11][N:12]1[CH:13]=[C:21]=[CH2:17].[cH:14]1[o:15][cH:20][cH:18][cH:16]1>>[O:1]=[C:2]1[O:3][C@@H:4]([c:5]2[cH:6][cH:7][cH:8][cH:9][cH:10]2)[CH2:11][N:12]1[CH:13]1[CH:14]([OH:15])[CH:16]=[CH:17][CH:18]2[CH2:19][CH2:20][CH:21]1[O:22]2","LOW_CONFIDENCE","","0.6510389717228284","allenamide","general","{""12"": 12, ""13"": 13, ""14"": 14, ""15"": 15, ""16"": 16, ""17"": 17, ""18"": 18, ""20"": 20, ""21"": 21}","13-14:formed;16-17:formed;15-20:broken;16-18:broken;17-21:broken;18-20:broken","OK","","7","4+3","HIGH","ring_size:7;allenamide_detected:general;n_frags:2;topology_hint:INTER","INTER","n_reactants:2","[4+3]","reaction_type:4+3","0.77","0.77","","individual","0.77","fraction","False","False","False","REACTIVE","0.88","","94","6","text","-40","233.14999999999998","-40.0","-40.0","-40 °C","","","7.5","1","False","False","0","0","0","","","","","NOT_EVALUABLE","False","OK","True","OK","GOOD",""
"C=C=CN1C[C@H](c2ccccc2)OC1=O.c1ccoc1","O=C1O[C@@H](c2ccccc2)CN1C1C(O)C=CC2CCC1O2","O=C1O[C@@H](c2ccccc2)CN1C1C(O)C=CC2CCC1O2","False","C=C=CN1C[C@H](c2ccccc2)OC1=O,c1ccoc1","2","O=C1O[C@@H](c2ccccc2)CN1C1C(O)C=CC2CCC1O2","O=C1O[C@@H](c2ccccc2)CN1C1C(O)C=CC2CCC1O2","C=C=CN1C[C@H](c2ccccc2)OC1=O.c1ccoc1>>O=C1O[C@@H](c2ccccc2)CN1C1C(O)C=CC2CCC1O2","4a5b60b2490fee989604eb3391fd56b58d7902502b4c1f5681b0729a0b5f38cb","[O:1]=[C:2]1[O:3][C@@H:4]([c:5]2[cH:6][cH:7][cH:8][cH:9][cH:10]2)[CH2:11][N:12]1[CH:13]=[C:21]=[CH2:17].[cH:14]1[o:15][cH:20][cH:18][cH:16]1>>[O:1]=[C:2]1[O:3][C@@H:4]([c:5]2[cH:6][cH:7][cH:8][cH:9][cH:10]2)[CH2:11][N:12]1[CH:13]1[CH:14]([OH:15])[CH:16]=[CH:17][CH:18]2[CH2:19][CH2:20][CH:21]1[O:22]2","LOW_CONFIDENCE","","0.6510389717228284","allenamide","general","{""12"": 12, ""13"": 13, ""14"": 14, ""15"": 15, ""16"": 16, ""17"": 17, ""18"": 18, ""20"": 20, ""21"": 21}","13-14:formed;16-17:formed;15-20:broken;16-18:broken;17-21:broken;18-20:broken","OK","","7","4+3","HIGH","ring_size:7;allenamide_detected:general;n_frags:2;topology_hint:INTER","INTER","n_reactants:2","[4+3]","reaction_type:4+3","0.8","0.8","","individual","0.8","fraction","False","False","False","REACTIVE","0.92","","","","calculated","-78","195.14999999999998","-78.0","-78.0","-78 °C","","","15.0","1","False","False","0","0","0","","","","","NOT_EVALUABLE","False","OK","True","OK","GOOD",""
"C1=CCC=C1.C=C=CN1C[C@H](c2ccccc2)OC1=O","O=C1O[C@@H](c2ccccc2)CN1C1C(O)C=CC2CCC1C2","O=C1O[C@@H](c2ccccc2)CN1C1C(O)C=CC2CCC1C2","False","C=C=CN1C[C@H](c2ccccc2)OC1=O,C1=CCC=C1","2","O=C1O[C@@H](c2ccccc2)CN1C1C(O)C=CC2CCC1C2","O=C1O[C@@H](c2ccccc2)CN1C1C(O)C=CC2CCC1C2","C1=CCC=C1.C=C=CN1C[C@H](c2ccccc2)OC1=O>>O=C1O[C@@H](c2ccccc2)CN1C1C(O)C=CC2CCC1C2","aa12bdd9957c70d1b8c17ba893e40874d620e709e8c942aa45317214510b9a64","[CH:17]1=[CH:18][CH2:22][CH:21]=[CH:19]1.[O:1]1[C:2](=[O:15])[N:12]([CH:13]=[C:14]=[CH2:16])[CH2:11][C@@H:4]1[c:5]1[cH:6][cH:7][cH:8][cH:9][cH:10]1>>[O:1]=[C:2]1[O:3][C@@H:4]([c:5]2[cH:6][cH:7][cH:8][cH:9][cH:10]2)[CH2:11][N:12]1[CH:13]1[CH:14]([OH:15])[CH:16]=[CH:17][CH:18]2[CH2:19][CH2:20][CH:21]1[CH2:22]2","LOW_CONFIDENCE","","0.3440811815406468","allenamide","general","","","AMBIGUOUS","AMBIGUOUS_AFTER_EVAL","7","4+3","HIGH","ring_size:7;allenamide_detected:general;n_frags:2;topology_hint:INTER","INTER","n_reactants:2","[4+3]","reaction_type:4+3","0.4","0.4","","individual","0.4","fraction","False","False","False","REACTIVE","0.9","","","","calculated","-50","223.14999999999998","-50.0","-40.0","-40 to -50 °C","","","8.0","1","False","False","0","0","0","","","","","NOT_EVALUABLE","False","OK","True","OK","GOOD",""
"C=C=CN1C(=O)N(C)[C@@H](c2ccccc2)[C@@H]1C.c1ccoc1","C[C@H]1[C@H](c2ccccc2)N(C)C(=O)N1C1C(O)C=CC2CCC1O2","C[C@H]1[C@H](c2ccccc2)N(C)C(=O)N1C1C(O)C=CC2CCC1O2","False","C=C=CN1C(=O)N(C)[C@@H](c2ccccc2)[C@@H]1C,c1ccoc1","2","C[C@H]1[C@H](c2ccccc2)N(C)C(=O)N1C1C(O)C=CC2CCC1O2","C[C@H]1[C@H](c2ccccc2)N(C)C(=O)N1C1C(O)C=CC2CCC1O2","C=C=CN1C(=O)N(C)[C@@H](c2ccccc2)[C@@H]1C.c1ccoc1>>C[C@H]1[C@H](c2ccccc2)N(C)C(=O)N1C1C(O)C=CC2CCC1O2","3f30263fb4b7d74cfea96276ad7c5f14facb340769039cf3144cb141ab79fa70","[CH3:1][C@H:2]1[C@H:3]([c:4]2[cH:5][cH:6][cH:7][cH:8][cH:9]2)[N:10]([CH3:11])[C:12](=[O:13])[N:14]1[CH:15]=[C:16]=[CH2:18].[o:17]1[cH:19][cH:22][cH:21][cH:20]1>>[CH3:1][C@H:2]1[C@H:3]([c:4]2[cH:5][cH:6][cH:7][cH:8][cH:9]2)[N:10]([CH3:11])[C:12](=[O:13])[N:14]1[CH:15]1[CH:16]([OH:17])[CH:18]=[CH:19][CH:20]2[CH2:21][CH2:22][CH:23]1[O:24]2","LOW_CONFIDENCE","","0.6611452020840691","allenamide","general","{""14"": 14, ""15"": 15, ""16"": 16, ""17"": 17, ""18"": 18, ""19"": 19, ""20"": 20, ""21"": 21, ""22"": 22}","16-17:formed;18-19:formed;17-19:broken;17-20:broken;19-22:broken","OK","","7","4+3","HIGH","ring_size:7;allenamide_detected:general;n_frags:2;topology_hint:INTER","INTER","n_reactants:2","[4+3]","reaction_type:4+3","0.6","0.6","","individual","0.6","fraction","False","False","False","REACTIVE","0.9","","","","calculated","-50","223.14999999999998","-50.0","-40.0","-40 to -50 °C","","","8.0","1","False","False","0","0","0","","","","","NOT_EVALUABLE","False","OK","True","OK","GOOD",""
"C1=CCC=C1.C=C=CN1C(=O)N(C)[C@@H](c2ccccc2)[C@@H]1C","C[C@H]1[C@H](c2ccccc2)N(C)C(=O)N1C1C(O)C=CC2CCC1C2","C[C@H]1[C@H](c2ccccc2)N(C)C(=O)N1C1C(O)C=CC2CCC1C2","False","C=C=CN1C(=O)N(C)[C@@H](c2ccccc2)[C@@H]1C,C1=CCC=C1","2","C[C@H]1[C@H](c2ccccc2)N(C)C(=O)N1C1C(O)C=CC2CCC1C2","C[C@H]1[C@H](c2ccccc2)N(C)C(=O)N1C1C(O)C=CC2CCC1C2","C1=CCC=C1.C=C=CN1C(=O)N(C)[C@@H](c2ccccc2)[C@@H]1C>>C[C@H]1[C@H](c2ccccc2)N(C)C(=O)N1C1C(O)C=CC2CCC1C2","661ae4b3d7dacd62743badf9b465b9ef4ba94785b33fa8b080859b659d336411","[CH:19]1=[CH:20][CH2:24][CH:23]=[CH:22]1.[CH3:1][C@H:2]1[C@H:3]([c:4]2[cH:5][cH:6][cH:7][cH:8][cH:9]2)[N:10]([CH3:11])[C:12](=[O:13])[N:14]1[CH:15]=[C:16]=[CH2:18]>>[CH3:1][C@H:2]1[C@H:3]([c:4]2[cH:5][cH:6][cH:7][cH:8][cH:9]2)[N:10]([CH3:11])[C:12](=[O:13])[N:14]1[CH:15]1[CH:16]([OH:17])[CH:18]=[CH:19][CH:20]2[CH2:21][CH2:22][CH:23]1[CH2:24]2","LOW_CONFIDENCE","","0.24071848361653386","allenamide","general","","","AMBIGUOUS","AMBIGUOUS_AFTER_EVAL","7","4+3","HIGH","ring_size:7;allenamide_detected:general;n_frags:2;topology_hint:INTER","INTER","n_reactants:2","[4+3]","reaction_type:4+3","0.83","0.83","","individual","0.83","fraction","False","False","False","REACTIVE","0.92","","","","calculated","-50","223.14999999999998","-50.0","-40.0","-40 to -50 °C","","","8.0","1","False","False","0","0","0","","","","","NOT_EVALUABLE","False","OK","True","OK","GOOD",""
"C=C=CN1C[C@H](Cc2ccccc2)OC1=O.c1ccoc1","O=C1O[C@@H](Cc2ccccc2)CN1C1C(O)C=CC2CCC1O2","O=C1O[C@@H](Cc2ccccc2)CN1C1C(O)C=CC2CCC1O2","False","C=C=CN1C[C@H](Cc2ccccc2)OC1=O,c1ccoc1","2","O=C1O[C@@H](Cc2ccccc2)CN1C1C(O)C=CC2CCC1O2","O=C1O[C@@H](Cc2ccccc2)CN1C1C(O)C=CC2CCC1O2","C=C=CN1C[C@H](Cc2ccccc2)OC1=O.c1ccoc1>>O=C1O[C@@H](Cc2ccccc2)CN1C1C(O)C=CC2CCC1O2","b667175f3b4b375363a6421434895c6e21f827ecb8a1c4a2cd2dce301a63a71a","[O:1]=[C:2]1[O:3][C@@H:4]([CH2:5][c:6]2[cH:7][cH:8][cH:9][cH:10][cH:11]2)[CH2:12][N:13]1[CH:14]=[C:22]=[CH2:18].[cH:15]1[o:16][cH:19][cH:20][cH:21]1>>[O:1]=[C:2]1[O:3][C@@H:4]([CH2:5][c:6]2[cH:7][cH:8][cH:9][cH:10][cH:11]2)[CH2:12][N:13]1[CH:14]1[CH:15]([OH:16])[CH:17]=[CH:18][CH:19]2[CH2:20][CH2:21][CH:22]1[O:23]2","LOW_CONFIDENCE","","0.5569413873329869","allenamide","general","{""13"": 13, ""14"": 14, ""15"": 15, ""16"": 16, ""18"": 18, ""19"": 19, ""20"": 20, ""21"": 21, ""22"": 22}","14-15:formed;18-19:formed;15-21:broken;16-19:broken;18-22:broken","OK","","7","4+3","HIGH","ring_size:7;allenamide_detected:general;n_frags:2;topology_hint:INTER","INTER","n_reactants:2","[4+3]","reaction_type:4+3","0.67","0.67","","individual","0.67","fraction","False","False","False","REACTIVE","0.54","","77","23","text","-50","223.14999999999998","-50.0","-40.0","-40 to -50 °C","","","8.0","1","False","False","0","0","0","","","","","NOT_EVALUABLE","False","OK","True","OK","GOOD",""
"C=C=CN1C[C@H](C(c2ccccc2)c2ccccc2)OC1=O.c1ccoc1","O=C1O[C@@H](C(c2ccccc2)c2ccccc2)CN1C1C(O)C=CC2CCC1O2","O=C1O[C@@H](C(c2ccccc2)c2ccccc2)CN1C1C(O)C=CC2CCC1O2","False","C=C=CN1C[C@H](C(c2ccccc2)c2ccccc2)OC1=O,c1ccoc1","2","O=C1O[C@@H](C(c2ccccc2)c2ccccc2)CN1C1C(O)C=CC2CCC1O2","O=C1O[C@@H](C(c2ccccc2)c2ccccc2)CN1C1C(O)C=CC2CCC1O2","C=C=CN1C[C@H](C(c2ccccc2)c2ccccc2)OC1=O.c1ccoc1>>O=C1O[C@@H](C(c2ccccc2)c2ccccc2)CN1C1C(O)C=CC2CCC1O2","0975c944e1f0ee1014b6877bbbfc9ee938c6e854a619547014c2c8df1aa1cf33","[O:1]=[C:2]1[O:3][C@@H:4]([CH:5]([c:6]2[cH:7][cH:8][cH:9][cH:10][cH:11]2)[c:12]2[cH:13][cH:14][cH:15][cH:16][cH:17]2)[CH2:18][N:19]1[CH:20]=[C:21]=[CH2:23].[o:22]1[cH:24][cH:27][cH:26][cH:25]1>>[O:1]=[C:2]1[O:3][C@@H:4]([CH:5]([c:6]2[cH:7][cH:8][cH:9][cH:10][cH:11]2)[c:12]2[cH:13][cH:14][cH:15][cH:16][cH:17]2)[CH2:18][N:19]1[CH:20]1[CH:21]([OH:22])[CH:23]=[CH:24][CH:25]2[CH2:26][CH2:27][CH:28]1[O:29]2","LOW_CONFIDENCE","","0.3410442866715998","allenamide","general","{""19"": 19, ""20"": 20, ""21"": 21, ""22"": 22, ""23"": 23, ""24"": 24, ""25"": 25, ""26"": 26, ""27"": 27}","21-22:formed;23-24:formed;22-24:broken;22-25:broken;24-27:broken","OK","","7","4+3","HIGH","ring_size:7;allenamide_detected:general;n_frags:2;topology_hint:INTER","INTER","n_reactants:2","[4+3]","reaction_type:4+3","0.74","0.74","","individual","0.74","fraction","False","False","False","REACTIVE","0.9","","","","calculated","-50","223.14999999999998","-50.0","-40.0","-40 to -50 °C","","","8.0","1","False","False","0","0","0","","","","","NOT_EVALUABLE","False","OK","True","OK","GOOD",""
"C1=CCC=C1.C=C=CN1C[C@H](C(c2ccccc2)c2ccccc2)OC1=O","O=C1O[C@@H](C(c2ccccc2)c2ccccc2)CN1C1C(O)C=CC2CCC1C2","O=C1O[C@@H](C(c2ccccc2)c2ccccc2)CN1C1C(O)C=CC2CCC1C2","False","C=C=CN1C[C@H](C(c2ccccc2)c2ccccc2)OC1=O,C1=CCC=C1","2","O=C1O[C@@H](C(c2ccccc2)c2ccccc2)CN1C1C(O)C=CC2CCC1C2","O=C1O[C@@H](C(c2ccccc2)c2ccccc2)CN1C1C(O)C=CC2CCC1C2","C1=CCC=C1.C=C=CN1C[C@H](C(c2ccccc2)c2ccccc2)OC1=O>>O=C1O[C@@H](C(c2ccccc2)c2ccccc2)CN1C1C(O)C=CC2CCC1C2","3ee93651fdca737c7936c28521956c9fe90e337161e51e2d432223e5b1dd88a3","[CH:24]1=[CH:28][CH2:29][CH:25]=[CH:26]1.[O:1]=[C:2]1[O:3][C@@H:4]([CH:5]([c:6]2[cH:7][cH:8][cH:9][cH:10][cH:11]2)[c:12]2[cH:13][cH:14][cH:15][cH:16][cH:17]2)[CH2:18][N:19]1[CH:20]=[C:21]=[CH2:23]>>[O:1]=[C:2]1[O:3][C@@H:4]([CH:5]([c:6]2[cH:7][cH:8][cH:9][cH:10][cH:11]2)[c:12]2[cH:13][cH:14][cH:15][cH:16][cH:17]2)[CH2:18][N:19]1[CH:20]1[CH:21]([OH:22])[CH:23]=[CH:24][CH:25]2[CH2:26][CH2:27][CH:28]1[CH2:29]2","LOW_CONFIDENCE","","0.11369141671506523","allenamide","general","{""19"": 19, ""20"": 20, ""21"": 21, ""23"": 23, ""24"": 24, ""28"": 28}","20-28:formed;23-24:formed;24-28:broken","OK","","7","4+3","HIGH","ring_size:7;allenamide_detected:general;n_frags:2;topology_hint:INTER","INTER","n_reactants:2","[4+3]","reaction_type:4+3","0.62","0.62","","individual","0.62","fraction","False","False","False","REACTIVE","0.86","","93","7","text","-50","223.14999999999998","-50.0","-40.0","-40 to -50 °C","","","8.0","1","False","False","0","0","0","","","","","NOT_EVALUABLE","False","OK","True","OK","GOOD",""
"C=C=CN1C[C@H](C(C)C)OC1=O.c1ccoc1","CC(C)[C@H]1CN(C2C(O)C=CC3CCC2O3)C(=O)O1","CC(C)[C@H]1CN(C2C(O)C=CC3CCC2O3)C(=O)O1","False","C=C=CN1C[C@H](C(C)C)OC1=O,c1ccoc1","2","CC(C)[C@H]1CN(C2C(O)C=CC3CCC2O3)C(=O)O1","CC(C)[C@H]1CN(C2C(O)C=CC3CCC2O3)C(=O)O1","C=C=CN1C[C@H](C(C)C)OC1=O.c1ccoc1>>CC(C)[C@H]1CN(C2C(O)C=CC3CCC2O3)C(=O)O1","b7a5aaf6e4d72ecb563f3aa78ee27c51ec9caa50e82dbf0fbe4f0ef02399234b","[CH3:1][CH:2]([C@H:4]1[CH2:5][N:6]([CH:7]=[C:10]=[CH2:11])[C:17](=[O:18])[O:19]1)[CH3:15].[cH:8]1[o:9][cH:13][cH:12][cH:14]1>>[CH3:1][CH:2]([CH3:3])[C@H:4]1[CH2:5][N:6]([CH:7]2[CH:8]([OH:9])[CH:10]=[CH:11][CH:12]3[CH2:13][CH2:14][CH:15]2[O:16]3)[C:17](=[O:18])[O:19]1","LOW_CONFIDENCE","","0.4433777803880195","allenamide","general","{""10"": 10, ""11"": 11, ""12"": 12, ""13"": 13, ""14"": 14, ""6"": 6, ""7"": 7, ""8"": 8, ""9"": 9}","7-8:formed;11-12:formed;7-10:broken;8-14:broken;9-13:broken;12-14:broken","OK","","7","4+3","HIGH","ring_size:7;allenamide_detected:general;n_frags:2;topology_hint:INTER","INTER","n_reactants:2","[4+3]","reaction_type:4+3","0.7","0.7","","individual","0.7","fraction","False","False","False","REACTIVE","0.1","","55","45","text","-50","223.14999999999998","-50.0","-40.0","-40 to -50 °C","","","8.0","1","False","False","0","0","0","","","","","NOT_EVALUABLE","False","OK","True","OK","GOOD",""
"C=C=CN1C(=O)OC(C(C)C)C1(c1ccccc1)c1ccccc1.c1ccoc1","CC(C)C1OC(=O)N(C2C(O)C=CC3CCC2O3)C1(c1ccccc1)c1ccccc1","CC(C)C1OC(=O)N(C2C(O)C=CC3CCC2O3)C1(c1ccccc1)c1ccccc1","False","C=C=CN1C(=O)OC(C(C)C)C1(c1ccccc1)c1ccccc1,c1ccoc1","2","CC(C)C1OC(=O)N(C2C(O)C=CC3CCC2O3)C1(c1ccccc1)c1ccccc1","CC(C)C1OC(=O)N(C2C(O)C=CC3CCC2O3)C1(c1ccccc1)c1ccccc1","C=C=CN1C(=O)OC(C(C)C)C1(c1ccccc1)c1ccccc1.c1ccoc1>>CC(C)C1OC(=O)N(C2C(O)C=CC3CCC2O3)C1(c1ccccc1)c1ccccc1","b57650dee2340ad252accfcfc391d4777284807658ec6b9fa4783e85ffb4c438","[CH3:1][CH:2]([CH3:3])[CH:4]1[O:5][C:6](=[O:7])[N:8]([CH:9]=[C:17]=[CH2:13])[C:19]1([c:20]1[cH:21][cH:22][cH:23][cH:24][cH:25]1)[c:26]1[cH:27][cH:12][cH:29][cH:30][cH:31]1.[cH:10]1[o:11][cH:14][cH:15][cH:16]1>>[CH3:1][CH:2]([CH3:3])[CH:4]1[O:5][C:6](=[O:7])[N:8]([CH:9]2[CH:10]([OH:11])[CH:12]=[CH:13][CH:14]3[CH2:15][CH2:16][CH:17]2[O:18]3)[C:19]1([c:20]1[cH:21][cH:22][cH:23][cH:24][cH:25]1)[c:26]1[cH:27][cH:28][cH:29][cH:30][cH:31]1","LOW_CONFIDENCE","","0.22699155870907556","allenamide","general","{""10"": 10, ""11"": 11, ""13"": 13, ""14"": 14, ""15"": 15, ""16"": 16, ""17"": 17, ""8"": 8, ""9"": 9}","9-10:formed;13-14:formed;10-16:broken;11-14:broken;13-17:broken","OK","","7","4+3","HIGH","ring_size:7;allenamide_detected:general;n_frags:2;topology_hint:INTER","INTER","n_reactants:2","[4+3]","reaction_type:4+3","0.72","0.72","","individual","0.72","fraction","False","False","False","REACTIVE","0.88","","94","6","text","-50","223.14999999999998","-50.0","-40.0","-40 to -50 °C","","","8.0","1","False","False","0","0","0","","","","","NOT_EVALUABLE","False","OK","False","MISMATCH","WARNING","Stereochemistry claimed but no markers"
"O=C1O[C@@H](c2ccccc2)CN1C1C(O)C=CC2CCC1O2","NC1C=CC2CCC(O2)C1O","NC1C=CC2CCC(O2)C1O","False","O=C1O[C@@H](c2ccccc2)CN1C1C(O)C=CC2CCC1O2","1","NC1C=CC2CCC(O2)C1O","NC1C=CC2CCC(O2)C1O","O=C1O[C@@H](c2ccccc2)CN1C1C(O)C=CC2CCC1O2>>NC1C=CC2CCC(O2)C1O","ef95e8d0bc4d75001821e1d803912cf01c657ba34e07c764af74f149adf86b25","O=C1O[C@@H](c2ccccc2)C[N:1]1[CH:10]1[CH:2]([OH:11])[CH:3]=[CH:4][CH:5]2[CH2:6][CH2:7][CH:8]1[O:9]2>>[NH2:1][CH:2]1[CH:3]=[CH:4][CH:5]2[CH2:6][CH2:7][CH:8]([O:9]2)[CH:10]1[OH:11]","OK","","0.8378670432331433","unknown","unknown","","","AMBIGUOUS","AMBIGUOUS_AFTER_EVAL","","derivatization","HIGH","derivatization_intercepted","INTRA_TYPE_I","tether:saturated_chain","UNKNOWN","no_inference_possible","0.71","0.71","","individual","0.71","fraction","False","False","False","REACTIVE","","","","","","","","","","not specified","","","","0","False","True","0","0","1","","","not specified (likely Pd for hydrogenation)","UNKNOWN","WARNING","False","OK","False","MISMATCH","WARNING","Unknown leaving group: C9H6O2; Stereochemistry claimed but no markers; Missing temperature"
"O=C1O[C@@H](c2ccccc2)CN1C1C(O)C=CC2CCC1O2","","","False","O=C1O[C@@H](c2ccccc2)CN1C1C(O)C=CC2CCC1O2","1","","","","","","FAIL_NO_KEY","SmilesSurgeon parse_error: EMPTY_PRODUCT","","unknown","unknown","","","SKIPPED_MAP_STATUS","OTHER","","derivatization","HIGH","derivatization_intercepted","INTRA_TYPE_I","tether:saturated_chain","UNKNOWN","no_inference_possible","0.86","0.86","","individual","0.86","fraction","False","False","False","REACTIVE","","","","","","","","","","not specified","","","","0","False","False","0","0","1","","","not specified","","PENDING","False","OK","False","NA","ERROR","SMILES error: EMPTY_PRODUCT; Mass balance failed; Missing temperature"
"C=C=CN(CCCc1ccco1)C(=O)OC(C)(C)C","CC(C)(C)OC(=O)N1CCCC23C=CC(O2)C(O)C1C3","CC(C)(C)OC(=O)N1CCCC23C=CC(O2)C(O)C1C3","False","C=C=CN(CCCc1ccco1)C(=O)OC(C)(C)C","1","CC(C)(C)OC(=O)N1CCCC23C=CC(O2)C(O)C1C3","CC(C)(C)OC(=O)N1CCCC23C=CC(O2)C(O)C1C3","C=C=CN(CCCc1ccco1)C(=O)OC(C)(C)C>>CC(C)(C)OC(=O)N1CCCC23C=CC(O2)C(O)C1C3","26538cc00456c123bb1a08d665510aa847e70020f9fa7708f9dbe5abc06d7bbb","[CH3:1][C:2]([CH3:4])([O:5][C:6](=[O:7])[N:8]([CH2:9][CH2:10][CH2:11][c:12]1[cH:13][cH:14][cH:15][o:16]1)[CH:19]=[C:20]=[CH2:3])[CH3:17]>>[CH3:1][C:2]([CH3:3])([CH3:4])[O:5][C:6](=[O:7])[N:8]1[CH2:9][CH2:10][CH2:11][C:12]23[CH:13]=[CH:14][CH:15]([O:16]2)[CH:17]([OH:18])[CH:19]1[CH2:20]3","LOW_CONFIDENCE","","0.5016429129125526","allenamide","general","{""11"": 11, ""12"": 12, ""13"": 13, ""14"": 14, ""15"": 15, ""16"": 16, ""19"": 19, ""20"": 20, ""3"": 3, ""8"": 8}","12-20:formed;3-20:broken","OK","","7","4+3","HIGH","ring_size:7;allenamide_detected:general;n_frags:1;topology_hint:INTRA","INTRA_TYPE_I","tether:saturated_chain","[4+3]","reaction_type:4+3","0.8","0.8","","individual","0.8","fraction","False","False","False","REACTIVE","","","","","","-45","228.14999999999998","-45.0","-45.0","-45 °C","","","","0","False","False","0","0","0","","","","","NOT_EVALUABLE","False","OK","False","NA","GOOD",""
"C=C=CN(CCCc1ccco1)C(=O)OCc1ccccc1","O=C(OCc1ccccc1)N1CCCC23C=CC(O2)C(O)C1C3","O=C(OCc1ccccc1)N1CCCC23C=CC(O2)C(O)C1C3","False","C=C=CN(CCCc1ccco1)C(=O)OCc1ccccc1","1","O=C(OCc1ccccc1)N1CCCC23C=CC(O2)C(O)C1C3","O=C(OCc1ccccc1)N1CCCC23C=CC(O2)C(O)C1C3","C=C=CN(CCCc1ccco1)C(=O)OCc1ccccc1>>O=C(OCc1ccccc1)N1CCCC23C=CC(O2)C(O)C1C3","d3fb7f528ca4a1778819ddc73389a5a4c1c400ab2ccc291505fbb06cfa9c5669","[O:1]=[C:2]([O:3][CH2:4][c:5]1[cH:6][cH:7][cH:8][cH:9][cH:10]1)[N:11]([CH2:12][CH2:13][CH2:14][c:15]1[o:19][cH:18][cH:20][cH:23]1)[CH:22]=[C:17]=[CH2:16]>>[O:1]=[C:2]([O:3][CH2:4][c:5]1[cH:6][cH:7][cH:8][cH:9][cH:10]1)[N:11]1[CH2:12][CH2:13][CH2:14][C:15]23[CH:16]=[CH:17][CH:18]([O:19]2)[CH:20]([OH:21])[CH:22]1[CH2:23]3","LOW_CONFIDENCE","","0.6321316757044081","allenamide","general","{""11"": 11, ""14"": 14, ""15"": 15, ""16"": 16, ""17"": 17, ""18"": 18, ""19"": 19, ""20"": 20, ""22"": 22, ""23"": 23}","15-16:formed;17-18:formed;17-22:broken;20-23:broken","OK","","7","4+3","HIGH","ring_size:7;allenamide_detected:general;n_frags:1;topology_hint:INTRA","INTRA_TYPE_I","tether:saturated_chain","[4+3]","reaction_type:4+3","0.75","0.75","","individual","0.75","fraction","False","False","False","REACTIVE","","","","","","-45","228.14999999999998","-45.0","-45.0","-45 °C","","","","0","False","False","0","0","0","","","","","NOT_EVALUABLE","False","OK","False","NA","GOOD",""
"C=C=CN(CCCc1ccco1)C(=O)OCc1ccccc1","O=C(OCc1ccccc1)N1CCCC23C=CC(O2)C(O)C1C3","O=C(OCc1ccccc1)N1CCCC23C=CC(O2)C(O)C1C3","False","C=C=CN(CCCc1ccco1)C(=O)OCc1ccccc1","1","O=C(OCc1ccccc1)N1CCCC23C=CC(O2)C(O)C1C3","O=C(OCc1ccccc1)N1CCCC23C=CC(O2)C(O)C1C3","C=C=CN(CCCc1ccco1)C(=O)OCc1ccccc1>>O=C(OCc1ccccc1)N1CCCC23C=CC(O2)C(O)C1C3","d3fb7f528ca4a1778819ddc73389a5a4c1c400ab2ccc291505fbb06cfa9c5669","[O:1]=[C:2]([O:3][CH2:4][c:5]1[cH:6][cH:7][cH:8][cH:9][cH:10]1)[N:11]([CH2:12][CH2:13][CH2:14][c:15]1[o:19][cH:18][cH:20][cH:23]1)[CH:22]=[C:17]=[CH2:16]>>[O:1]=[C:2]([O:3][CH2:4][c:5]1[cH:6][cH:7][cH:8][cH:9][cH:10]1)[N:11]1[CH2:12][CH2:13][CH2:14][C:15]23[CH:16]=[CH:17][CH:18]([O:19]2)[CH:20]([OH:21])[CH:22]1[CH2:23]3","LOW_CONFIDENCE","","0.6321316757044081","allenamide","general","{""11"": 11, ""14"": 14, ""15"": 15, ""16"": 16, ""17"": 17, ""18"": 18, ""19"": 19, ""20"": 20, ""22"": 22, ""23"": 23}","15-16:formed;17-18:formed;17-22:broken;20-23:broken","OK","","7","4+3","HIGH","ring_size:7;allenamide_detected:general;n_frags:1;topology_hint:INTRA","INTRA_TYPE_I","tether:saturated_chain","[4+3]","reaction_type:4+3","0.2","0.2","","individual","0.2","fraction","False","False","False","REACTIVE","0.16","","58","42","text","-45","228.14999999999998","-45.0","-45.0","-45 °C","","","","0","False","False","0","0","0","","","","","NOT_EVALUABLE","False","OK","False","MISMATCH","WARNING","Stereochemistry claimed but no markers"
"C=C=CN(CCCc1ccco1)C(=O)OCc1ccccc1","O=C(OCc1ccccc1)N1CCCC23C=CC(O2)C(O)C1C3","O=C(OCc1ccccc1)N1CCCC23C=CC(O2)C(O)C1C3","False","C=C=CN(CCCc1ccco1)C(=O)OCc1ccccc1","1","O=C(OCc1ccccc1)N1CCCC23C=CC(O2)C(O)C1C3","O=C(OCc1ccccc1)N1CCCC23C=CC(O2)C(O)C1C3","C=C=CN(CCCc1ccco1)C(=O)OCc1ccccc1>>O=C(OCc1ccccc1)N1CCCC23C=CC(O2)C(O)C1C3","d3fb7f528ca4a1778819ddc73389a5a4c1c400ab2ccc291505fbb06cfa9c5669","[O:1]=[C:2]([O:3][CH2:4][c:5]1[cH:6][cH:7][cH:8][cH:9][cH:10]1)[N:11]([CH2:12][CH2:13][CH2:14][c:15]1[o:19][cH:18][cH:20][cH:23]1)[CH:22]=[C:17]=[CH2:16]>>[O:1]=[C:2]([O:3][CH2:4][c:5]1[cH:6][cH:7][cH:8][cH:9][cH:10]1)[N:11]1[CH2:12][CH2:13][CH2:14][C:15]23[CH:16]=[CH:17][CH:18]([O:19]2)[CH:20]([OH:21])[CH:22]1[CH2:23]3","LOW_CONFIDENCE","","0.6321316757044081","allenamide","general","{""11"": 11, ""14"": 14, ""15"": 15, ""16"": 16, ""17"": 17, ""18"": 18, ""19"": 19, ""20"": 20, ""22"": 22, ""23"": 23}","15-16:formed;17-18:formed;17-22:broken;20-23:broken","OK","","7","4+3","HIGH","ring_size:7;allenamide_detected:general;n_frags:1;topology_hint:INTRA","INTRA_TYPE_I","tether:saturated_chain","[4+3]","reaction_type:4+3","0.47","0.47","","individual","0.47","fraction","False","False","False","REACTIVE","0.2","","60","40","text","-45","228.14999999999998","-45.0","-45.0","-45 °C","","","","0","False","False","0","0","0","","","","","NOT_EVALUABLE","False","OK","False","MISMATCH","WARNING","Stereochemistry claimed but no markers"
"C=C=CN(CCC=CC=C)C(=O)OCc1ccccc1","O=C(OCc1ccccc1)N1CCC2C=CCC(O)C1C2","O=C(OCc1ccccc1)N1CCC2C=CCC(O)C1C2","False","C=C=CN(CCC=CC=C)C(=O)OCc1ccccc1","1","O=C(OCc1ccccc1)N1CCC2C=CCC(O)C1C2","O=C(OCc1ccccc1)N1CCC2C=CCC(O)C1C2","C=C=CN(CCC=CC=C)C(=O)OCc1ccccc1>>O=C(OCc1ccccc1)N1CCC2C=CCC(O)C1C2","f662c15db23f82f351186958233c16aa79beb7bf2584f18e4a9f6be82faf51d1","[O:1]=[C:2]([O:3][CH2:4][c:5]1[cH:6][cH:7][cH:8][cH:9][cH:10]1)[N:11]([CH2:12][CH2:13][CH:14]=[CH:21][CH:18]=[CH2:17])[CH:20]=[C:16]=[CH2:15]>>[O:1]=[C:2]([O:3][CH2:4][c:5]1[cH:6][cH:7][cH:8][cH:9][cH:10]1)[N:11]1[CH2:12][CH2:13][CH:14]2[CH:15]=[CH:16][CH2:17][CH:18]([OH:19])[CH:20]1[CH2:21]2","LOW_CONFIDENCE","","0.3179585434600928","allenamide","general","","","AMBIGUOUS","AMBIGUOUS_AFTER_EVAL","7","4+3","HIGH","ring_size:7;allenamide_detected:general;n_frags:1;topology_hint:INTRA","INTRA_TYPE_I","tether:saturated_chain","[4+3]","reaction_type:4+3","0.65","0.65","","individual","0.65","fraction","False","False","False","REACTIVE","0.06","","53","47","text","-45","228.14999999999998","-45.0","-45.0","-45 °C","","","","0","False","False","0","0","0","","","","","NOT_EVALUABLE","False","OK","False","MISMATCH","WARNING","Stereochemistry claimed but no markers"
"C=C=CN1C(=O)OCC1Cc1ccco1","O=C1OCC2CC34C=CC(O3)C(O)C(C4)N12","O=C1OCC2CC34C=CC(O3)C(O)C(C4)N12","False","C=C=CN1C(=O)OCC1Cc1ccco1","1","O=C1OCC2CC34C=CC(O3)C(O)C(C4)N12","O=C1OCC2CC34C=CC(O3)C(O)C(C4)N12","C=C=CN1C(=O)OCC1Cc1ccco1>>O=C1OCC2CC34C=CC(O3)C(O)C(C4)N12","dfce6eb68c48fabb55ed2b2b2aaa7173800eb566b8318d64ac17979e6a7a7064","[O:1]=[C:2]1[O:3][CH2:4][CH:5]([CH2:6][c:7]2[cH:8][cH:9][cH:10][o:11]2)[N:16]1[CH:14]=[C:12]=[CH2:15]>>[O:1]=[C:2]1[O:3][CH2:4][CH:5]2[CH2:6][C:7]34[CH:8]=[CH:9][CH:10]([O:11]3)[CH:12]([OH:13])[CH:14]([CH2:15]4)[N:16]12","OK","","0.9635478359593622","allenamide","general","{""10"": 10, ""11"": 11, ""12"": 12, ""14"": 14, ""15"": 15, ""16"": 16, ""6"": 6, ""7"": 7, ""8"": 8, ""9"": 9}","7-15:formed;10-12:formed;12-15:broken","OK","","7","4+3","HIGH","ring_size:7;allenamide_detected:general;n_frags:1;topology_hint:INTRA","INTRA_TYPE_I","tether:saturated_chain","[4+3]","reaction_type:4+3","0.82","0.82","","individual","0.82","fraction","False","False","False","REACTIVE","0.92","","","","calculated","-45","228.14999999999998","-45.0","-45.0","-45 °C","","","","0","False","False","0","0","0","","","","","NOT_EVALUABLE","False","OK","False","MISMATCH","WARNING","Stereochemistry claimed but no markers"
"C=C=CN1C(=O)OCC1Cc1ccco1","O=C1OCC2CC34C=CC(O3)C(O)C(C4)N12","O=C1OCC2CC34C=CC(O3)C(O)C(C4)N12","False","C=C=CN1C(=O)OCC1Cc1ccco1","1","O=C1OCC2CC34C=CC(O3)C(O)C(C4)N12","O=C1OCC2CC34C=CC(O3)C(O)C(C4)N12","C=C=CN1C(=O)OCC1Cc1ccco1>>O=C1OCC2CC34C=CC(O3)C(O)C(C4)N12","dfce6eb68c48fabb55ed2b2b2aaa7173800eb566b8318d64ac17979e6a7a7064","[O:1]=[C:2]1[O:3][CH2:4][CH:5]([CH2:6][c:7]2[cH:8][cH:9][cH:10][o:11]2)[N:16]1[CH:14]=[C:12]=[CH2:15]>>[O:1]=[C:2]1[O:3][CH2:4][CH:5]2[CH2:6][C:7]34[CH:8]=[CH:9][CH:10]([O:11]3)[CH:12]([OH:13])[CH:14]([CH2:15]4)[N:16]12","OK","","0.9635478359593622","allenamide","general","{""10"": 10, ""11"": 11, ""12"": 12, ""14"": 14, ""15"": 15, ""16"": 16, ""6"": 6, ""7"": 7, ""8"": 8, ""9"": 9}","7-15:formed;10-12:formed;12-15:broken","OK","","7","4+3","HIGH","ring_size:7;allenamide_detected:general;n_frags:1;topology_hint:INTRA","INTRA_TYPE_I","tether:saturated_chain","[4+3]","reaction_type:4+3","0.77","0.77","","individual","0.77","fraction","False","False","False","REACTIVE","0.92","","","","calculated","25","298.15","25.0","25.0","room temperature","","","","0","False","False","0","0","0","","","","","NOT_EVALUABLE","False","OK","False","MISMATCH","WARNING","Stereochemistry claimed but no markers"
"C=C=CN1C(=O)OCC1Cc1ccco1","O=C1OCC2CC34C=CC(O3)C(O)C(C4)N12","O=C1OCC2CC34C=CC(O3)C(O)C(C4)N12","False","C=C=CN1C(=O)OCC1Cc1ccco1","1","O=C1OCC2CC34C=CC(O3)C(O)C(C4)N12","O=C1OCC2CC34C=CC(O3)C(O)C(C4)N12","C=C=CN1C(=O)OCC1Cc1ccco1>>O=C1OCC2CC34C=CC(O3)C(O)C(C4)N12","dfce6eb68c48fabb55ed2b2b2aaa7173800eb566b8318d64ac17979e6a7a7064","[O:1]=[C:2]1[O:3][CH2:4][CH:5]([CH2:6][c:7]2[cH:8][cH:9][cH:10][o:11]2)[N:16]1[CH:14]=[C:12]=[CH2:15]>>[O:1]=[C:2]1[O:3][CH2:4][CH:5]2[CH2:6][C:7]34[CH:8]=[CH:9][CH:10]([O:11]3)[CH:12]([OH:13])[CH:14]([CH2:15]4)[N:16]12","OK","","0.9635478359593622","allenamide","general","{""10"": 10, ""11"": 11, ""12"": 12, ""14"": 14, ""15"": 15, ""16"": 16, ""6"": 6, ""7"": 7, ""8"": 8, ""9"": 9}","7-15:formed;10-12:formed;12-15:broken","OK","","7","4+3","HIGH","ring_size:7;allenamide_detected:general;n_frags:1;topology_hint:INTRA","INTRA_TYPE_I","tether:saturated_chain","[4+3]","reaction_type:4+3","0.75","0.75","","individual","0.75","fraction","False","False","False","REACTIVE","0.92","","","","calculated","-45","228.14999999999998","-45.0","-45.0","-45 °C","","","","0","False","False","0","0","0","","","","","NOT_EVALUABLE","False","OK","False","MISMATCH","WARNING","Stereochemistry claimed but no markers"
"C=C=CN1C(=O)OCC1CCc1ccco1","O=C1OCC2CCC34C=CC(O3)C(O)C(C4)N12","O=C1OCC2CCC34C=CC(O3)C(O)C(C4)N12","False","C=C=CN1C(=O)OCC1CCc1ccco1","1","O=C1OCC2CCC34C=CC(O3)C(O)C(C4)N12","O=C1OCC2CCC34C=CC(O3)C(O)C(C4)N12","C=C=CN1C(=O)OCC1CCc1ccco1>>O=C1OCC2CCC34C=CC(O3)C(O)C(C4)N12","bcaa3ab4745978a4cecd61a24f81dc1d1c4c9a5cc6196f14ecf6f65da057d499","[O:1]=[C:2]1[O:3][CH2:4][CH:5]([CH2:6][CH2:7][c:8]2[cH:9][cH:10][cH:11][o:12]2)[N:17]1[CH:15]=[C:13]=[CH2:16]>>[O:1]=[C:2]1[O:3][CH2:4][CH:5]2[CH2:6][CH2:7][C:8]34[CH:9]=[CH:10][CH:11]([O:12]3)[CH:13]([OH:14])[CH:15]([CH2:16]4)[N:17]12","OK","","0.9358367940722448","allenamide","general","{""10"": 10, ""11"": 11, ""12"": 12, ""13"": 13, ""15"": 15, ""16"": 16, ""17"": 17, ""7"": 7, ""8"": 8, ""9"": 9}","8-16:formed;11-13:formed;13-16:broken","OK","","7","4+3","HIGH","ring_size:7;allenamide_detected:general;n_frags:1;topology_hint:INTRA","INTRA_TYPE_I","tether:saturated_chain","[4+3]","reaction_type:4+3","0.75","0.75","","individual","0.75","fraction","False","False","False","REACTIVE","0.92","","","","calculated","-45","228.14999999999998","-45.0","-45.0","-45 °C","","","","0","False","False","0","0","0","","","","","NOT_EVALUABLE","False","OK","False","MISMATCH","WARNING","Stereochemistry claimed but no markers"
"C=C=CN1C(=O)OCC1CCc1ccco1","O=C1OCC2CCC34C=CC(O3)C(O)C(C4)N12","O=C1OCC2CCC34C=CC(O3)C(O)C(C4)N12","False","C=C=CN1C(=O)OCC1CCc1ccco1","1","O=C1OCC2CCC34C=CC(O3)C(O)C(C4)N12","O=C1OCC2CCC34C=CC(O3)C(O)C(C4)N12","C=C=CN1C(=O)OCC1CCc1ccco1>>O=C1OCC2CCC34C=CC(O3)C(O)C(C4)N12","bcaa3ab4745978a4cecd61a24f81dc1d1c4c9a5cc6196f14ecf6f65da057d499","[O:1]=[C:2]1[O:3][CH2:4][CH:5]([CH2:6][CH2:7][c:8]2[cH:9][cH:10][cH:11][o:12]2)[N:17]1[CH:15]=[C:13]=[CH2:16]>>[O:1]=[C:2]1[O:3][CH2:4][CH:5]2[CH2:6][CH2:7][C:8]34[CH:9]=[CH:10][CH:11]([O:12]3)[CH:13]([OH:14])[CH:15]([CH2:16]4)[N:17]12","OK","","0.9358367940722448","allenamide","general","{""10"": 10, ""11"": 11, ""12"": 12, ""13"": 13, ""15"": 15, ""16"": 16, ""17"": 17, ""7"": 7, ""8"": 8, ""9"": 9}","8-16:formed;11-13:formed;13-16:broken","OK","","7","4+3","HIGH","ring_size:7;allenamide_detected:general;n_frags:1;topology_hint:INTRA","INTRA_TYPE_I","tether:saturated_chain","[4+3]","reaction_type:4+3","0.3","0.3","","individual","0.3","fraction","False","False","False","REACTIVE","0.9","","95","5","text","-78","195.14999999999998","-78.0","-78.0","-78 °C","","","","0","False","False","0","0","0","","","","","NOT_EVALUABLE","False","OK","False","MISMATCH","WARNING","Stereochemistry claimed but no markers"
"C=C=CN1C(=O)OCC1CCCc1ccco1","O=C1OCC2CCCC34C=CC(O3)C(O)C(C4)N12","O=C1OCC2CCCC34C=CC(O3)C(O)C(C4)N12","False","C=C=CN1C(=O)OCC1CCCc1ccco1","1","O=C1OCC2CCCC34C=CC(O3)C(O)C(C4)N12","O=C1OCC2CCCC34C=CC(O3)C(O)C(C4)N12","C=C=CN1C(=O)OCC1CCCc1ccco1>>O=C1OCC2CCCC34C=CC(O3)C(O)C(C4)N12","86cff9e7903bd264e4ef1939d8e39d759b06a2c46be06dec5e13d3185c446747","[O:1]=[C:2]1[O:3][CH2:4][CH:5]([CH2:6][CH2:7][CH2:8][c:9]2[cH:10][cH:11][cH:12][o:13]2)[N:18]1[CH:16]=[C:14]=[CH2:17]>>[O:1]=[C:2]1[O:3][CH2:4][CH:5]2[CH2:6][CH2:7][CH2:8][C:9]34[CH:10]=[CH:11][CH:12]([O:13]3)[CH:14]([OH:15])[CH:16]([CH2:17]4)[N:18]12","OK","","0.9422630912794429","allenamide","general","{""10"": 10, ""11"": 11, ""12"": 12, ""13"": 13, ""14"": 14, ""16"": 16, ""17"": 17, ""18"": 18, ""8"": 8, ""9"": 9}","9-17:formed;12-14:formed;14-17:broken","OK","","7","4+3","HIGH","ring_size:7;allenamide_detected:general;n_frags:1;topology_hint:INTRA","INTRA_TYPE_I","tether:saturated_chain","[4+3]","reaction_type:4+3","0.3","0.3","","individual","0.3","fraction","False","False","False","REACTIVE","0.74","","87","13","text","-45","228.14999999999998","-45.0","-45.0","-45 °C","","","","0","False","False","0","0","0","","","","","NOT_EVALUABLE","False","OK","False","MISMATCH","WARNING","Stereochemistry claimed but no markers"
"C=C=CN1C(=O)OCC1CCCc1ccco1","O=C1OCC2CCCC34C=CC(O3)C(O)C(C4)N12","O=C1OCC2CCCC34C=CC(O3)C(O)C(C4)N12","False","C=C=CN1C(=O)OCC1CCCc1ccco1","1","O=C1OCC2CCCC34C=CC(O3)C(O)C(C4)N12","O=C1OCC2CCCC34C=CC(O3)C(O)C(C4)N12","C=C=CN1C(=O)OCC1CCCc1ccco1>>O=C1OCC2CCCC34C=CC(O3)C(O)C(C4)N12","86cff9e7903bd264e4ef1939d8e39d759b06a2c46be06dec5e13d3185c446747","[O:1]=[C:2]1[O:3][CH2:4][CH:5]([CH2:6][CH2:7][CH2:8][c:9]2[cH:10][cH:11][cH:12][o:13]2)[N:18]1[CH:16]=[C:14]=[CH2:17]>>[O:1]=[C:2]1[O:3][CH2:4][CH:5]2[CH2:6][CH2:7][CH2:8][C:9]34[CH:10]=[CH:11][CH:12]([O:13]3)[CH:14]([OH:15])[CH:16]([CH2:17]4)[N:18]12","OK","","0.9422630912794429","allenamide","general","{""10"": 10, ""11"": 11, ""12"": 12, ""13"": 13, ""14"": 14, ""16"": 16, ""17"": 17, ""18"": 18, ""8"": 8, ""9"": 9}","9-17:formed;12-14:formed;14-17:broken","OK","","7","4+3","HIGH","ring_size:7;allenamide_detected:general;n_frags:1;topology_hint:INTRA","INTRA_TYPE_I","tether:saturated_chain","[4+3]","reaction_type:4+3","0.7","0.7","","individual","0.7","fraction","False","False","False","REACTIVE","0.66","","83","17","text","25","298.15","25.0","25.0","room temperature","","","","0","False","False","0","0","0","","","","","NOT_EVALUABLE","False","OK","False","MISMATCH","WARNING","Stereochemistry claimed but no markers"
"C=C=CN1C(=O)OCC1CCCCc1ccco1","O=C1OCC2CCCCC34C=CC(O3)C(O)C(C4)N12","O=C1OCC2CCCCC34C=CC(O3)C(O)C(C4)N12","False","C=C=CN1C(=O)OCC1CCCCc1ccco1","1","O=C1OCC2CCCCC34C=CC(O3)C(O)C(C4)N12","O=C1OCC2CCCCC34C=CC(O3)C(O)C(C4)N12","C=C=CN1C(=O)OCC1CCCCc1ccco1>>O=C1OCC2CCCCC34C=CC(O3)C(O)C(C4)N12","66d5f77391da5f34ec56ab593cdb9bc23dfab9b92d6e047d96674277f303a647","[O:1]=[C:2]1[O:3][CH2:4][CH:5]([CH2:6][CH2:7][CH2:8][CH2:9][c:10]2[cH:11][cH:12][cH:13][o:14]2)[N:19]1[CH:17]=[C:15]=[CH2:18]>>[O:1]=[C:2]1[O:3][CH2:4][CH:5]2[CH2:6][CH2:7][CH2:8][CH2:9][C:10]34[CH:11]=[CH:12][CH:13]([O:14]3)[CH:15]([OH:16])[CH:17]([CH2:18]4)[N:19]12","OK","","0.9069111082215943","allenamide","general","{""10"": 10, ""11"": 11, ""12"": 12, ""13"": 13, ""14"": 14, ""15"": 15, ""17"": 17, ""18"": 18, ""19"": 19, ""9"": 9}","10-18:formed;13-15:formed;15-18:broken","OK","","7","4+3","HIGH","ring_size:7;allenamide_detected:general;n_frags:1;topology_hint:INTRA","INTRA_TYPE_I","tether:saturated_chain","[4+3]","reaction_type:4+3","0.57","0.57","","individual","0.57","fraction","False","False","False","REACTIVE","0.4","","70","30","text","25","298.15","25.0","25.0","room temperature","","","","0","False","False","0","0","0","","","","","NOT_EVALUABLE","False","OK","False","MISMATCH","WARNING","Stereochemistry claimed but no markers"
"C=C=CN1C(=O)CCC1CCc1ccco1","O=C1CCC2CCC34C=CC(O3)C(O)C(C4)N12","O=C1CCC2CCC34C=CC(O3)C(O)C(C4)N12","False","C=C=CN1C(=O)CCC1CCc1ccco1","1","O=C1CCC2CCC34C=CC(O3)C(O)C(C4)N12","O=C1CCC2CCC34C=CC(O3)C(O)C(C4)N12","C=C=CN1C(=O)CCC1CCc1ccco1>>O=C1CCC2CCC34C=CC(O3)C(O)C(C4)N12","80e00a348e9e71e8b225af67a0e87436e45de667efe01c36c04f597269419121","[O:1]=[C:2]1[CH2:3][CH2:4][CH:5]([CH2:6][CH2:7][c:8]2[cH:9][cH:10][cH:11][o:12]2)[N:17]1[CH:15]=[C:13]=[CH2:16]>>[O:1]=[C:2]1[CH2:3][CH2:4][CH:5]2[CH2:6][CH2:7][C:8]34[CH:9]=[CH:10][CH:11]([O:12]3)[CH:13]([OH:14])[CH:15]([CH2:16]4)[N:17]12","OK","","0.8478011694309224","allenamide","general","{""10"": 10, ""11"": 11, ""12"": 12, ""13"": 13, ""15"": 15, ""16"": 16, ""17"": 17, ""7"": 7, ""8"": 8, ""9"": 9}","8-16:formed;11-13:formed;13-16:broken","OK","","7","4+3","HIGH","ring_size:7;allenamide_detected:general;n_frags:1;topology_hint:INTRA","INTRA_TYPE_I","tether:saturated_chain","[4+3]","reaction_type:4+3","0.9","0.9","","individual","0.9","fraction","False","False","False","REACTIVE","0.74","","87","13","text","25","298.15","25.0","25.0","room temperature","","","","0","False","False","0","0","0","","","","","NOT_EVALUABLE","False","OK","False","MISMATCH","WARNING","Stereochemistry claimed but no markers"
"C=C=CN1C(=O)CCC1CCc1ccco1","O=C1CCC2CCC34C=CC(O3)C(O)C(C4)N12","O=C1CCC2CCC34C=CC(O3)C(O)C(C4)N12","False","C=C=CN1C(=O)CCC1CCc1ccco1","1","O=C1CCC2CCC34C=CC(O3)C(O)C(C4)N12","O=C1CCC2CCC34C=CC(O3)C(O)C(C4)N12","C=C=CN1C(=O)CCC1CCc1ccco1>>O=C1CCC2CCC34C=CC(O3)C(O)C(C4)N12","80e00a348e9e71e8b225af67a0e87436e45de667efe01c36c04f597269419121","[O:1]=[C:2]1[CH2:3][CH2:4][CH:5]([CH2:6][CH2:7][c:8]2[cH:9][cH:10][cH:11][o:12]2)[N:17]1[CH:15]=[C:13]=[CH2:16]>>[O:1]=[C:2]1[CH2:3][CH2:4][CH:5]2[CH2:6][CH2:7][C:8]34[CH:9]=[CH:10][CH:11]([O:12]3)[CH:13]([OH:14])[CH:15]([CH2:16]4)[N:17]12","OK","","0.8478011694309224","allenamide","general","{""10"": 10, ""11"": 11, ""12"": 12, ""13"": 13, ""15"": 15, ""16"": 16, ""17"": 17, ""7"": 7, ""8"": 8, ""9"": 9}","8-16:formed;11-13:formed;13-16:broken","OK","","7","4+3","HIGH","ring_size:7;allenamide_detected:general;n_frags:1;topology_hint:INTRA","INTRA_TYPE_I","tether:saturated_chain","[4+3]","reaction_type:4+3","0.85","0.85","","individual","0.85","fraction","False","False","False","REACTIVE","0.86","","93","7","text","-45","228.14999999999998","-45.0","-45.0","-45 °C","","","","0","False","False","0","0","0","","","","","NOT_EVALUABLE","False","OK","False","MISMATCH","WARNING","Stereochemistry claimed but no markers"
"C=C=CN1C(=O)CCC1CCCCc1ccco1","O=C1CCC2CCCCC34C=CC(O3)C(O)C(C4)N12","O=C1CCC2CCCCC34C=CC(O3)C(O)C(C4)N12","False","C=C=CN1C(=O)CCC1CCCCc1ccco1","1","O=C1CCC2CCCCC34C=CC(O3)C(O)C(C4)N12","O=C1CCC2CCCCC34C=CC(O3)C(O)C(C4)N12","C=C=CN1C(=O)CCC1CCCCc1ccco1>>O=C1CCC2CCCCC34C=CC(O3)C(O)C(C4)N12","889df79eda5d0a06a242eae7ac788bf9a9560f829db11b6ce18816e057fb349f","[O:1]=[C:2]1[CH2:3][CH2:4][CH:5]([CH2:6][CH2:7][CH2:8][CH2:9][c:10]2[cH:11][cH:12][cH:13][o:14]2)[N:19]1[CH:17]=[C:15]=[CH2:18]>>[O:1]=[C:2]1[CH2:3][CH2:4][CH:5]2[CH2:6][CH2:7][CH2:8][CH2:9][C:10]34[CH:11]=[CH:12][CH:13]([O:14]3)[CH:15]([OH:16])[CH:17]([CH2:18]4)[N:19]12","OK","","0.909999968950548","allenamide","general","{""10"": 10, ""11"": 11, ""12"": 12, ""13"": 13, ""14"": 14, ""15"": 15, ""17"": 17, ""18"": 18, ""19"": 19, ""9"": 9}","10-18:formed;13-15:formed;15-18:broken","OK","","7","4+3","HIGH","ring_size:7;allenamide_detected:general;n_frags:1;topology_hint:INTRA","INTRA_TYPE_I","tether:saturated_chain","[4+3]","reaction_type:4+3","0.4","0.4","","individual","0.4","fraction","False","False","False","REACTIVE","0.04","","52","48","text","25","298.15","25.0","25.0","room temperature","","","","0","False","False","0","0","0","","","","","NOT_EVALUABLE","False","OK","False","MISMATCH","WARNING","Stereochemistry claimed but no markers"
"C=C=CN1C(=O)OCC1CC=CC=C","O=C1OCC2CC3C=CCC(O)C(C3)N12","O=C1OCC2CC3C=CCC(O)C(C3)N12","False","C=C=CN1C(=O)OCC1CC=CC=C","1","O=C1OCC2CC3C=CCC(O)C(C3)N12","O=C1OCC2CC3C=CCC(O)C(C3)N12","C=C=CN1C(=O)OCC1CC=CC=C>>O=C1OCC2CC3C=CCC(O)C(C3)N12","4fe0bb57fa023da0b9d2a3653c7090d9b03d61a9f74e772ab6e5a85d8a922e0e","[O:1]=[C:2]1[O:3][CH2:4][CH:5]([CH2:6][CH:7]=[CH:8][CH:9]=[CH2:14])[N:15]1[CH:13]=[C:11]=[CH2:10]>>[O:1]=[C:2]1[O:3][CH2:4][CH:5]2[CH2:6][CH:7]3[CH:8]=[CH:9][CH2:10][CH:11]([OH:12])[CH:13]([CH2:14]3)[N:15]12","LOW_CONFIDENCE","","0.7698317471940634","allenamide","general","{""10"": 10, ""11"": 11, ""13"": 13, ""14"": 14, ""15"": 15, ""9"": 9}","9-10:formed;13-14:formed;9-14:broken","OK","","7","4+3","HIGH","ring_size:7;allenamide_detected:general;n_frags:1;topology_hint:INTRA","INTRA_TYPE_I","tether:saturated_chain","[4+3]","reaction_type:4+3","0.76","0.76","","individual","0.76","fraction","False","False","False","REACTIVE","0.2","","60","40","text","25","298.15","25.0","25.0","room temperature","","","","0","False","False","0","0","0","","","","","NOT_EVALUABLE","False","OK","False","MISMATCH","WARNING","Stereochemistry claimed but no markers"
"C=C=CN1C(=O)OCC1CC=CC=C","O=C1OCC2CC3C=CCC(O)C(C3)N12","O=C1OCC2CC3C=CCC(O)C(C3)N12","False","C=C=CN1C(=O)OCC1CC=CC=C","1","O=C1OCC2CC3C=CCC(O)C(C3)N12","O=C1OCC2CC3C=CCC(O)C(C3)N12","C=C=CN1C(=O)OCC1CC=CC=C>>O=C1OCC2CC3C=CCC(O)C(C3)N12","4fe0bb57fa023da0b9d2a3653c7090d9b03d61a9f74e772ab6e5a85d8a922e0e","[O:1]=[C:2]1[O:3][CH2:4][CH:5]([CH2:6][CH:7]=[CH:8][CH:9]=[CH2:14])[N:15]1[CH:13]=[C:11]=[CH2:10]>>[O:1]=[C:2]1[O:3][CH2:4][CH:5]2[CH2:6][CH:7]3[CH:8]=[CH:9][CH2:10][CH:11]([OH:12])[CH:13]([CH2:14]3)[N:15]12","LOW_CONFIDENCE","","0.7698317471940634","allenamide","general","{""10"": 10, ""11"": 11, ""13"": 13, ""14"": 14, ""15"": 15, ""9"": 9}","9-10:formed;13-14:formed;9-14:broken","OK","","7","4+3","HIGH","ring_size:7;allenamide_detected:general;n_frags:1;topology_hint:INTRA","INTRA_TYPE_I","tether:saturated_chain","[4+3]","reaction_type:4+3","0.75","0.75","","individual","0.75","fraction","False","False","False","REACTIVE","0.24","","62","38","text","-45","228.14999999999998","-45.0","-45.0","-45 °C","","","","0","False","False","0","0","0","","","","","NOT_EVALUABLE","False","OK","False","MISMATCH","WARNING","Stereochemistry claimed but no markers"
